İL,İLÇE,HAZİRAN,TARİH,TEMMUZ,TARİH.1,AĞUSTOS,TARİH.2
ADANA,İL,YAPILMADI,,YAPILDI,26.07.2025,PLANLANDI,30.08.2025
ADANA,ALADAĞ,YAPILDI,17.06.2025,YAPILDI,22.07.2025,YAPILDI,19.08.2025
ADANA,CEYHAN,YAPILDI,24.06.2025,YAPILDI,15.07.2025,YAPILDI,12.08.2025
ADANA,ÇUKUROVA,YAPILDI,17.06.2025,YAPILDI,22.07.2025,YAPILDI,19.08.2025
ADANA,FEKE,YAPILDI,17.06.2025,YAPILDI,22.07.2025,YAPILDI,12.08.2025
ADANA,İMAMOĞLU,YAPILDI,17.06.2025,YAPILDI,22.07.2025,YAPILDI,19.08.2025
ADANA,KARAİSALI,YAPILDI,17.06.2025,YAPILDI,22.07.2025,YAPILDI,19.08.2025
ADANA,KARATAŞ,YAPILDI,17.06.2025,YAPILDI,22.07.2025,YAPILDI,26.08.2025
ADANA,KOZAN,YAPILDI,17.06.2025,YAPILDI,22.07.2025,YAPILDI,19.08.2025
ADANA,POZANTI,YAPILDI,17.06.2025,YAPILDI,22.07.2025,YAPILDI,26.08.2025
ADANA,SAİMBEYLİ,YAPILDI,17.06.2025,YAPILDI,22.07.2025,YAPILDI,12.08.2025
ADANA,SARIÇAM,YAPILDI,17.06.2025,YAPILDI,22.07.2025,YAPILDI,19.08.2025
ADANA,SEYHAN,YAPILDI,19.06.2025,YAPILDI,18.07.2025,YAPILDI,22.08.2025
ADANA,TUFANBEYLİ,YAPILDI,20.06.2025,YAPILDI,22.07.2025,YAPILDI,13.08.2025
ADANA,YUMURTALIK,YAPILDI,17.06.2025,YAPILDI,22.07.2025,YAPILDI,26.08.2025
ADANA,YÜREĞİR,YAPILDI,21.06.2025,YAPILDI,22.07.2025,YAPILDI,19.08.2025
ADIYAMAN,İL,YAPILDI,5.06.2025,YAPILDI,26.07.2025,PLANLANDI,29.08.2025
ADIYAMAN,BESNİ,YAPILDI,23.06.2025,YAPILDI,18.07.2025,YAPILDI,12.08.2025
ADIYAMAN,ÇELİKHAN,YAPILDI,17.06.2025,YAPILDI,22.07.2025,YAPILDI,12.08.2025
ADIYAMAN,GERGER,YAPILDI,17.06.2025,YAPILDI,11.07.2025,YAPILDI,15.08.2025
ADIYAMAN,GÖLBAŞI,YAPILDI,17.06.2025,YAPILDI,29.07.2025,YAPILDI,5.08.2025
ADIYAMAN,KAHTA,YAPILDI,24.06.2025,YAPILDI,22.07.2025,YAPILDI,12.08.2025
ADIYAMAN,MERKEZ,YAPILDI,28.06.2025,YAPILDI,22.07.2025,YAPILDI,26.08.2025
ADIYAMAN,SAMSAT,YAPILDI,17.06.2025,YAPILDI,8.07.2025,YAPILDI,5.08.2025
ADIYAMAN,SİNCİK,YAPILDI,13.06.2025,YAPILDI,15.07.2025,YAPILDI,5.08.2025
ADIYAMAN,TUT,YAPILDI,30.06.2025,YAPILDI,18.07.2025,YAPILDI,15.08.2025
AFYONKARAHİSAR,İL,YAPILDI,29.06.2025,YAPILMADI,,PLANLANDI,31.08.2025
AFYONKARAHİSAR,BAŞMAKÇI,YAPILMADI,,YAPILDI,22.07.2025,YAPILDI,19.08.2025
AFYONKARAHİSAR,BAYAT,YAPILMADI,,YAPILDI,22.07.2025,YAPILDI,22.08.2025
AFYONKARAHİSAR,BOLVADİN,YAPILMADI,,YAPILDI,8.07.2025,YAPILDI,5.08.2025
AFYONKARAHİSAR,ÇAY,YAPILMADI,,YAPILDI,19.07.2025,YAPILDI,24.08.2025
AFYONKARAHİSAR,ÇOBANLAR,YAPILMADI,,YAPILDI,8.07.2025,YAPILDI,19.08.2025
AFYONKARAHİSAR,DAZKIRI,YAPILMADI,,YAPILDI,12.07.2025,YAPILDI,12.08.2025
AFYONKARAHİSAR,DİNAR,YAPILMADI,,YAPILDI,29.07.2025,PLANLANDI,29.08.2025
AFYONKARAHİSAR,EMİRDAĞ,YAPILMADI,,YAPILDI,8.07.2025,YAPILDI,12.08.2025
AFYONKARAHİSAR,EVCİLER,YAPILMADI,,YAPILDI,22.07.2025,YAPILDI,19.08.2025
AFYONKARAHİSAR,HOCALAR,YAPILMADI,,YAPILDI,24.07.2025,YAPILDI,28.08.2025
AFYONKARAHİSAR,İHSANİYE,YAPILMADI,,YAPILDI,8.07.2025,YAPILDI,5.08.2025
AFYONKARAHİSAR,İSCEHİSAR,YAPILMADI,,YAPILDI,22.07.2025,YAPILDI,19.08.2025
AFYONKARAHİSAR,KIZILÖREN,YAPILMADI,,YAPILDI,1.07.2025,YAPILDI,5.08.2025
AFYONKARAHİSAR,MERKEZ,YAPILMADI,,YAPILDI,31.07.2025,PLANLANDI,29.08.2025
AFYONKARAHİSAR,SANDIKLI,YAPILMADI,,YAPILDI,23.07.2025,YAPILDI,19.08.2025
AFYONKARAHİSAR,SİNANPAŞA,YAPILMADI,,YAPILDI,22.07.2025,YAPILDI,19.08.2025
AFYONKARAHİSAR,SULTANDAĞI,YAPILMADI,,YAPILDI,21.07.2025,YAPILDI,18.08.2025
AFYONKARAHİSAR,ŞUHUT,YAPILMADI,,YAPILDI,22.07.2025,YAPILDI,19.08.2025
AĞRI,İL,YAPILMADI,,YAPILDI,5.07.2025,PLANLANDI,29.08.2025
AĞRI,DİYADİN,YAPILMADI,,YAPILDI,23.07.2025,YAPILDI,19.08.2025
AĞRI,DOĞUBAYAZIT,YAPILMADI,,YAPILDI,24.07.2025,YAPILDI,20.08.2025
AĞRI,ELEŞKİRT,YAPILMADI,,YAPILDI,25.07.2025,YAPILDI,21.08.2025
AĞRI,HAMUR,YAPILMADI,,YAPILDI,26.07.2025,YAPILDI,22.08.2025
AĞRI,MERKEZ,YAPILMADI,,YAPILDI,5.07.2025,PLANLANDI,29.08.2025
AĞRI,PATNOS,YAPILMADI,,YAPILDI,26.07.2025,YAPILDI,23.08.2025
AĞRI,TAŞLIÇAY,YAPILMADI,,YAPILDI,28.07.2025,YAPILDI,24.08.2025
AĞRI,TUTAK,YAPILMADI,,YAPILDI,29.07.2025,YAPILDI,18.08.2025
AKSARAY,İL,YAPILDI,10.06.2025,YAPILDI,31.07.2025,PLANLANDI,31.08.2025
AKSARAY,AĞAÇÖREN,YAPILDI,11.06.2025,YAPILDI,26.07.2025,YAPILDI,19.08.2025
AKSARAY,ESKİL,YAPILDI,14.06.2025,YAPILDI,25.07.2025,YAPILDI,21.08.2025
AKSARAY,GÜLAĞAÇ,YAPILDI,20.06.2025,YAPILDI,19.07.2025,YAPILDI,25.08.2025
AKSARAY,GÜZELYURT,YAPILDI,19.06.2025,YAPILDI,19.07.2025,YAPILDI,25.08.2025
AKSARAY,MERKEZ,YAPILDI,28.06.2025,YAPILDI,28.07.2025,YAPILDI,27.08.2025
AKSARAY,ORTAKÖY,YAPILDI,25.06.2025,YAPILDI,26.07.2025,YAPILDI,19.08.2025
AKSARAY,SARIYAHŞİ,YAPILDI,17.06.2025,YAPILDI,26.07.2025,YAPILDI,19.08.2025
AKSARAY,SULTANHANI,YAPILDI,29.06.2025,YAPILDI,25.07.2025,YAPILDI,21.08.2025
AMASYA,İL,YAPILDI,20.06.2025,YAPILDI,14.07.2025,YAPILDI,11.08.2025
AMASYA,GÖYNÜCEK,YAPILDI,24.06.2025,YAPILDI,22.07.2025,YAPILDI,26.08.2025
AMASYA,GÜMÜŞHACIKÖY,YAPILDI,24.06.2025,YAPILDI,22.07.2025,YAPILDI,26.08.2025
AMASYA,HAMAMÖZÜ,YAPILDI,24.06.2025,YAPILDI,22.07.2025,YAPILDI,27.08.2025
AMASYA,MERKEZ,YAPILDI,1.06.2025,YAPILDI,8.07.2025,YAPILDI,14.08.2025
AMASYA,MERZİFON,YAPILDI,22.06.2025,YAPILDI,29.07.2025,YAPILDI,26.08.2025
AMASYA,SULUOVA,YAPILDI,17.06.2025,YAPILDI,22.07.2025,YAPILDI,26.08.2025
AMASYA,TAŞOVA,YAPILDI,24.06.2025,YAPILDI,22.07.2025,YAPILDI,19.08.2025
ANKARA,İL,YAPILDI,5.07.2025,YAPILDI,9.08.2025,PLANLANMADI,
ANKARA,AKYURT,YAPILDI,10.06.2025,YAPILDI,18.07.2025,YAPILDI,26.08.2025
ANKARA,ALTINDAĞ,YAPILDI,13.06.2025,YAPILDI,25.07.2025,YAPILDI,15.08.2025
ANKARA,AYAŞ,YAPILDI,13.06.2025,YAPILDI,18.07.2025,YAPILDI,19.08.2025
ANKARA,BALA,YAPILDI,13.06.2025,YAPILDI,29.07.2025,YAPILDI,26.08.2025
ANKARA,BEYPAZARI,YAPILDI,16.06.2025,YAPILDI,30.07.2025,YAPILDI,26.08.2025
ANKARA,ÇAMLIDERE,YAPILDI,17.06.2025,YAPILDI,25.07.2025,PLANLANDI,29.08.2025
ANKARA,ÇANKAYA,YAPILDI,18.06.2025,YAPILDI,26.07.2025,YAPILDI,26.08.2025
ANKARA,ÇUBUK,YAPILDI,19.06.2025,YAPILDI,24.07.2025,YAPILDI,20.08.2025
ANKARA,ELMADAĞ,YAPILDI,19.06.2025,YAPILDI,18.07.2025,YAPILDI,23.08.2025
ANKARA,ETİMESGUT,YAPILDI,19.06.2025,YAPILDI,26.07.2025,YAPILDI,22.08.2025
ANKARA,EVREN,YAPILDI,20.06.2025,YAPILDI,26.07.2025,YAPILDI,26.08.2025
ANKARA,GÖLBAŞI,YAPILDI,20.06.2025,YAPILDI,30.07.2025,YAPILDI,26.08.2025
ANKARA,GÜDÜL,YAPILDI,20.06.2025,YAPILDI,22.07.2025,YAPILDI,19.08.2025
ANKARA,HAYMANA,YAPILDI,21.06.2025,YAPILDI,25.07.2025,YAPILDI,26.08.2025
ANKARA,KAHRAMANKAZAN,YAPILDI,25.06.2025,YAPILDI,30.07.2025,YAPILDI,19.08.2025
ANKARA,KALECİK,YAPILDI,25.06.2025,YAPILDI,28.07.2025,YAPILDI,17.08.2025
ANKARA,KEÇİÖREN,YAPILDI,26.06.2025,YAPILDI,31.07.2025,YAPILDI,26.08.2025
ANKARA,KIZILCAHAMAM,YAPILDI,26.06.2025,YAPILDI,18.07.2025,YAPILDI,26.08.2025
ANKARA,MAMAK,YAPILDI,27.06.2025,YAPILDI,30.07.2025,YAPILDI,26.08.2025
ANKARA,NALLIHAN,YAPILDI,27.06.2025,YAPILDI,28.07.2025,YAPILDI,26.08.2025
ANKARA,POLATLI,YAPILDI,28.06.2025,YAPILDI,26.07.2025,YAPILDI,26.08.2025
ANKARA,PURSAKLAR,YAPILDI,28.06.2025,YAPILDI,25.07.2025,YAPILDI,20.08.2025
ANKARA,SİNCAN,YAPILDI,29.06.2025,YAPILDI,25.07.2025,YAPILDI,19.08.2025
ANKARA,ŞEREFLİKOÇHİSAR,YAPILDI,30.06.2025,YAPILDI,26.07.2025,YAPILDI,26.08.2025
ANKARA,YENİMAHALLE,YAPILDI,19.06.2025,YAPILDI,24.07.2025,YAPILDI,20.08.2025
ANTALYA,İL,YAPILDI,30.06.2025,YAPILDI,28.07.2025,YAPILDI,18.08.2025
ANTALYA,AKSEKİ,YAPILDI,24.06.2025,YAPILDI,29.07.2025,YAPILDI,19.08.2025
ANTALYA,AKSU,YAPILDI,17.06.2025,YAPILDI,22.07.2025,YAPILDI,12.08.2025
ANTALYA,ALANYA,YAPILDI,17.06.2025,YAPILDI,15.07.2025,YAPILDI,28.08.2025
ANTALYA,DEMRE,YAPILDI,26.06.2025,YAPILDI,31.07.2025,YAPILDI,28.08.2025
ANTALYA,DÖŞEMEALTI,YAPILDI,24.06.2025,YAPILDI,29.07.2025,YAPILDI,26.08.2025
ANTALYA,ELMALI,YAPILDI,25.06.2025,YAPILDI,23.07.2025,YAPILDI,6.08.2025
ANTALYA,FİNİKE,YAPILDI,17.06.2025,YAPILDI,15.07.2025,YAPILDI,20.08.2025
ANTALYA,GAZİPAŞA,YAPILDI,20.06.2025,YAPILDI,26.07.2025,YAPILDI,15.08.2025
ANTALYA,GÜNDOĞMUŞ,YAPILDI,13.06.2025,YAPILDI,12.07.2025,YAPILDI,13.08.2025
ANTALYA,İBRADI,YAPILDI,13.06.2025,YAPILDI,12.07.2025,YAPILDI,22.08.2025
ANTALYA,KAŞ,YAPILDI,27.06.2025,YAPILDI,29.07.2025,YAPILDI,26.08.2025
ANTALYA,KEMER,YAPILDI,1.06.2025,YAPILDI,2.07.2025,YAPILDI,26.08.2025
ANTALYA,KEPEZ,YAPILDI,3.06.2025,YAPILDI,8.07.2025,YAPILDI,5.08.2025
ANTALYA,KONYAALTI,YAPILDI,24.06.2025,YAPILDI,29.07.2025,YAPILDI,26.08.2025
ANTALYA,KORKUTELİ,YAPILDI,10.06.2025,YAPILDI,8.07.2025,YAPILDI,5.08.2025
ANTALYA,KUMLUCA,YAPILDI,3.06.2025,YAPILDI,8.07.2025,YAPILDI,20.08.2025
ANTALYA,MANAVGAT,YAPILDI,28.06.2025,YAPILDI,25.07.2025,YAPILDI,26.08.2025
ANTALYA,MURATPAŞA,YAPILDI,24.06.2025,YAPILDI,22.07.2025,YAPILDI,26.08.2025
ANTALYA,SERİK,YAPILDI,21.06.2025,YAPILDI,26.07.2025,YAPILDI,12.08.2025
ARDAHAN,İL,YAPILMADI,,YAPILDI,20.07.2025,YAPILDI,28.08.2025
ARDAHAN,ÇILDIR,YAPILMADI,,YAPILDI,22.07.2025,PLANLANDI,30.08.2025
ARDAHAN,DAMAL,YAPILMADI,,YAPILDI,21.07.2025,PLANLANDI,29.08.2025
ARDAHAN,GÖLE,YAPILMADI,,YAPILDI,23.07.2025,PLANLANDI,31.08.2025
ARDAHAN,HANAK,YAPILMADI,,YAPILDI,22.07.2025,PLANLANDI,30.08.2025
ARDAHAN,MERKEZ,YAPILMADI,,YAPILDI,20.07.2025,YAPILDI,28.08.2025
ARDAHAN,POSOF,YAPILMADI,,YAPILDI,21.07.2025,PLANLANDI,29.08.2025
ARTVİN,İL,YAPILMADI,,YAPILDI,27.07.2025,PLANLANMADI,
ARTVİN,ARDANUÇ,YAPILDI,26.06.2025,YAPILDI,24.07.2025,PLANLANDI,29.08.2025
ARTVİN,ARHAVİ,YAPILDI,21.06.2025,YAPILDI,29.07.2025,PLANLANDI,29.08.2025
ARTVİN,BORÇKA,YAPILDI,16.06.2025,YAPILDI,18.07.2025,PLANLANDI,29.08.2025
ARTVİN,HOPA,YAPILDI,24.06.2025,YAPILDI,29.07.2025,PLANLANDI,29.08.2025
ARTVİN,KEMALPAŞA,YAPILDI,24.06.2025,YAPILDI,29.07.2025,PLANLANDI,29.08.2025
ARTVİN,MERKEZ,YAPILDI,30.06.2025,YAPILDI,28.07.2025,PLANLANDI,29.08.2025
ARTVİN,MURGUL,YAPILDI,20.06.2025,YAPILDI,28.07.2025,PLANLANDI,29.08.2025
ARTVİN,ŞAVŞAT,YAPILDI,24.06.2025,YAPILDI,29.07.2025,PLANLANDI,29.08.2025
ARTVİN,YUSUFELİ,YAPILDI,27.06.2025,YAPILDI,22.07.2025,PLANLANDI,29.08.2025
AYDIN,İL,YAPILDI,15.06.2025,YAPILMADI,,YAPILDI,28.08.2025
AYDIN,BOZDOĞAN,YAPILMADI,,YAPILDI,18.07.2025,YAPILDI,26.08.2025
AYDIN,BUHARKENT,YAPILMADI,,YAPILDI,11.07.2025,YAPILDI,18.08.2025
AYDIN,ÇİNE,YAPILMADI,,YAPILDI,7.07.2025,YAPILDI,20.08.2025
AYDIN,DİDİM,YAPILMADI,,YAPILDI,26.07.2025,YAPILDI,26.08.2025
AYDIN,EFELER,YAPILMADI,,YAPILDI,21.07.2025,YAPILDI,26.08.2025
AYDIN,GERMENCİK,YAPILMADI,,YAPILDI,7.07.2025,YAPILDI,20.08.2025
AYDIN,İNCİRLİOVA,YAPILMADI,,YAPILDI,7.07.2025,YAPILDI,27.08.2025
AYDIN,KARACASU,YAPILMADI,,YAPILDI,22.07.2025,YAPILDI,26.08.2025
AYDIN,KARPUZLU,YAPILMADI,,YAPILDI,7.07.2025,YAPILDI,21.08.2025
AYDIN,KOÇARLI,YAPILMADI,,YAPILDI,7.07.2025,YAPILDI,27.08.2025
AYDIN,KÖŞK,YAPILMADI,,YAPILDI,20.07.2025,YAPILDI,19.08.2025
AYDIN,KUŞADASI,YAPILMADI,,YAPILDI,22.07.2025,YAPILDI,26.08.2025
AYDIN,KUYUCAK,YAPILMADI,,YAPILDI,11.07.2025,YAPILDI,23.08.2025
AYDIN,NAZİLLİ,YAPILMADI,,YAPILDI,26.07.2025,YAPILDI,23.08.2025
AYDIN,SÖKE,YAPILMADI,,YAPILDI,26.07.2025,YAPILDI,26.08.2025
AYDIN,SULTANHİSAR,YAPILMADI,,YAPILDI,20.07.2025,YAPILDI,18.08.2025
AYDIN,YENİPAZAR,YAPILMADI,,YAPILDI,26.07.2025,YAPILDI,27.08.2025
BALIKESİR,İL,YAPILDI,20.04.2025,YAPILMADI,,PLANLANMADI,
BALIKESİR,ALTIEYLÜL,YAPILDI,14.06.2025,YAPILMADI,,YAPILDI,23.08.2025
BALIKESİR,AYVALIK,YAPILDI,19.06.2025,YAPILMADI,,YAPILDI,26.08.2025
BALIKESİR,BALYA,YAPILDI,18.06.2025,YAPILMADI,,YAPILDI,26.08.2025
BALIKESİR,BANDIRMA,YAPILDI,16.06.2025,YAPILMADI,,YAPILDI,23.08.2025
BALIKESİR,BİGADİÇ,YAPILDI,18.06.2025,YAPILMADI,,YAPILDI,28.08.2025
BALIKESİR,BURHANİYE,YAPILDI,19.06.2025,YAPILMADI,,YAPILDI,26.08.2025
BALIKESİR,DURSUNBEY,YAPILDI,17.06.2025,YAPILMADI,,YAPILDI,28.08.2025
BALIKESİR,EDREMİT,YAPILDI,19.06.2025,YAPILMADI,,PLANLANDI,29.08.2025
BALIKESİR,ERDEK,YAPILDI,16.06.2025,YAPILMADI,,YAPILDI,26.08.2025
BALIKESİR,GÖMEÇ,YAPILDI,19.06.2025,YAPILMADI,,YAPILDI,26.08.2025
BALIKESİR,GÖNEN,YAPILDI,16.06.2025,YAPILMADI,,PLANLANDI,29.08.2025
BALIKESİR,HAVRAN,YAPILDI,20.06.2025,YAPILMADI,,PLANLANDI,29.08.2025
BALIKESİR,İVRİNDİ,YAPILDI,20.06.2025,YAPILMADI,,YAPILDI,26.08.2025
BALIKESİR,KARESİ,YAPILDI,14.06.2025,YAPILMADI,,YAPILDI,23.08.2025
BALIKESİR,KEPSUT,YAPILDI,17.06.2025,YAPILMADI,,YAPILDI,26.08.2025
BALIKESİR,MANYAS,YAPILDI,16.06.2025,YAPILMADI,,YAPILDI,26.08.2025
BALIKESİR,MARMARA,YAPILMADI,,YAPILMADI,,YAPILDI,26.08.2025
BALIKESİR,SAVAŞTEPE,YAPILDI,17.06.2025,YAPILMADI,,YAPILDI,26.08.2025
BALIKESİR,SINDIRGI,YAPILDI,18.06.2025,YAPILMADI,,YAPILDI,26.08.2025
BALIKESİR,SUSURLUK,YAPILMADI,,YAPILMADI,,YAPILDI,26.08.2025
BARTIN,İL,YAPILMADI,,YAPILDI,19.07.2025,YAPILDI,21.08.2025
BARTIN,AMASRA,YAPILMADI,,YAPILDI,8.07.2025,PLANLANDI,30.08.2025
BARTIN,KURUCAŞİLE,YAPILMADI,,YAPILDI,8.07.2025,YAPILDI,18.08.2025
BARTIN,MERKEZ,YAPILMADI,,YAPILMADI,,PLANLANDI,30.08.2025
BARTIN,ULUS,YAPILMADI,,YAPILDI,8.07.2025,PLANLANDI,30.08.2025
BATMAN,İL,YAPILDI,6.07.2025,YAPILDI,26.07.2025,YAPILDI,24.08.2025
BATMAN,BEŞİRİ,YAPILDI,24.06.2025,YAPILDI,22.07.2025,YAPILDI,12.08.2025
BATMAN,GERCÜŞ,YAPILDI,24.06.2025,YAPILDI,22.07.2025,YAPILDI,5.08.2025
BATMAN,HASANKEYF,YAPILDI,24.06.2025,YAPILDI,22.07.2025,YAPILDI,11.08.2025
BATMAN,KOZLUK,YAPILDI,24.06.2025,YAPILDI,22.07.2025,YAPILDI,12.08.2025
BATMAN,MERKEZ,YAPILDI,24.06.2025,YAPILDI,22.07.2025,YAPILDI,9.08.2025
BATMAN,SASON,YAPILDI,26.06.2025,YAPILDI,22.07.2025,YAPILDI,12.08.2025
BAYBURT,İL,YAPILMADI,,YAPILMADI,22.07.2025,YAPILDI,18.08.2025
BAYBURT,AYDINTEPE,YAPILMADI,,YAPILMADI,26.07.2025,YAPILDI,16.08.2025
BAYBURT,DEMİRÖZÜ,YAPILMADI,,YAPILMADI,28.07.2025,YAPILDI,20.08.2025
BAYBURT,MERKEZ,YAPILMADI,,YAPILMADI,24.07.2025,YAPILDI,23.08.2025
BİLECİK,İL,YAPILMADI,,YAPILMADI,,YAPILDI,26.08.2025
BİLECİK,BOZÜYÜK,YAPILDI,3.06.2025,YAPILDI,22.07.2025,YAPILDI,12.08.2025
BİLECİK,GÖLPAZARI,YAPILMADI,,YAPILDI,18.07.2025,YAPILDI,22.08.2025
BİLECİK,İNHİSAR,YAPILMADI,,YAPILDI,29.07.2025,PLANLANDI,29.08.2025
BİLECİK,MERKEZ,YAPILMADI,,YAPILDI,11.07.2025,YAPILDI,26.08.2025
BİLECİK,OSMANELİ,YAPILDI,18.06.2025,YAPILDI,30.07.2025,YAPILDI,19.08.2025
BİLECİK,PAZARYERİ,YAPILDI,15.06.2025,YAPILDI,8.07.2025,YAPILDI,28.08.2025
BİLECİK,SÖĞÜT,YAPILDI,19.06.2025,YAPILDI,9.07.2025,PLANLANDI,2.10.2025
BİLECİK,YENİPAZAR,YAPILDI,23.06.2025,YAPILDI,29.07.2025,YAPILDI,27.08.2025
BİNGÖL,İL,YAPILDI,7.06.2025,YAPILDI,25.07.2025,YAPILDI,25.08.2025
BİNGÖL,ADAKLI,YAPILDI,7.06.2025,YAPILDI,24.07.2025,YAPILDI,27.08.2025
BİNGÖL,GENÇ,YAPILDI,7.06.2025,YAPILDI,23.07.2025,YAPILDI,26.08.2025
BİNGÖL,KARLIOVA,YAPILDI,8.06.2025,YAPILDI,22.07.2025,YAPILDI,28.08.2025
BİNGÖL,KİĞI,YAPILDI,7.06.2025,YAPILDI,24.07.2025,YAPILDI,27.08.2025
BİNGÖL,MERKEZ,YAPILDI,7.06.2025,YAPILDI,28.07.2025,YAPILDI,25.08.2025
BİNGÖL,SOLHAN,YAPILDI,8.06.2025,YAPILDI,23.07.2025,YAPILDI,26.08.2025
BİNGÖL,YAYLADERE,YAPILDI,7.06.2025,YAPILDI,24.07.2025,YAPILDI,27.08.2025
BİNGÖL,YEDİSU,YAPILDI,8.06.2025,YAPILDI,22.07.2025,YAPILDI,28.08.2025
BİTLİS,İL,YAPILDI,30.06.2025,YAPILDI,18.07.2025,PLANLANMADI,
BİTLİS,ADİLCEVAZ,YAPILDI,24.06.2025,YAPILDI,27.07.2025,PLANLANMADI,
BİTLİS,AHLAT,YAPILDI,24.06.2025,YAPILDI,27.07.2025,PLANLANMADI,
BİTLİS,GÜROYMAK,YAPILDI,25.06.2025,YAPILDI,24.07.2025,PLANLANMADI,
BİTLİS,HİZAN,YAPILDI,25.06.2025,YAPILDI,25.07.2025,PLANLANMADI,
BİTLİS,MERKEZ,YAPILDI,24.06.2025,YAPILDI,25.07.2025,PLANLANMADI,
BİTLİS,MUTKİ,YAPILDI,26.06.2025,YAPILDI,26.07.2025,PLANLANMADI,
BİTLİS,TATVAN,YAPILDI,24.06.2025,YAPILDI,27.07.2025,PLANLANMADI,
BOLU,İL,YAPILMADI,,YAPILMADI,,YAPILDI,26.08.2025
BOLU,DÖRTDİVAN,YAPILMADI,,YAPILDI,23.07.2025,YAPILDI,12.08.2025
BOLU,GEREDE,YAPILMADI,,YAPILDI,29.07.2025,YAPILDI,26.08.2025
BOLU,GÖYNÜK,YAPILMADI,,YAPILDI,7.07.2025,PLANLANDI,29.08.2025
BOLU,KIBRISCIK,YAPILMADI,,YAPILDI,24.07.2025,YAPILDI,21.08.2025
BOLU,MENGEN,YAPILMADI,,YAPILDI,29.07.2025,YAPILDI,28.08.2025
BOLU,MERKEZ,YAPILMADI,,YAPILDI,29.07.2025,YAPILDI,26.08.2025
BOLU,MUDURNU,YAPILMADI,,YAPILDI,29.07.2025,YAPILDI,26.08.2025
BOLU,SEBEN,YAPILMADI,,YAPILDI,28.07.2025,PLANLANDI,29.08.2025
BOLU,YENİÇAĞA,YAPILMADI,,YAPILDI,22.07.2025,YAPILDI,19.08.2025
BURDUR,İL,YAPILDI,21.06.2025,YAPILDI,28.07.2025,YAPILDI,25.08.2025
BURDUR,AĞLASUN,YAPILDI,30.06.2025,YAPILDI,26.07.2025,YAPILDI,18.08.2025
BURDUR,ALTINYAYLA,YAPILDI,24.06.2025,YAPILDI,19.07.2025,YAPILDI,26.08.2025
BURDUR,BUCAK,YAPILDI,17.06.2025,YAPILDI,22.07.2025,YAPILDI,19.08.2025
BURDUR,ÇAVDIR,YAPILDI,29.06.2025,YAPILDI,27.07.2025,YAPILDI,23.08.2025
BURDUR,ÇELTİKÇİ,YAPILDI,20.06.2025,YAPILDI,23.07.2025,YAPILDI,19.08.2025
BURDUR,GÖLHİSAR,YAPILDI,19.06.2025,YAPILDI,25.07.2025,YAPILDI,19.08.2025
BURDUR,KARAMANLI,YAPILDI,28.06.2025,YAPILDI,31.07.2025,YAPILDI,20.08.2025
BURDUR,KEMER,YAPILDI,20.06.2025,YAPILDI,26.07.2025,YAPILDI,20.08.2025
BURDUR,MERKEZ,YAPILDI,1.07.2025,YAPILDI,29.07.2025,YAPILDI,26.08.2025
BURDUR,TEFENNİ,YAPILDI,9.06.2025,YAPILDI,19.07.2025,YAPILDI,21.08.2025
BURDUR,YEŞİLOVA,YAPILDI,22.06.2025,YAPILDI,30.07.2025,YAPILDI,22.08.2025
BURSA,İL,YAPILMADI,,YAPILMADI,26.07.2025,YAPILDI,27.08.2025
BURSA,BÜYÜKORHAN,YAPILMADI,,YAPILDI,18.07.2025,YAPILDI,15.08.2025
BURSA,GEMLİK,YAPILMADI,,YAPILDI,30.07.2025,YAPILDI,5.08.2025
BURSA,GÜRSU,YAPILDI,3.06.2025,YAPILDI,8.07.2025,YAPILDI,12.08.2025
BURSA,HARMANCIK,YAPILDI,3.06.2025,YAPILDI,12.07.2025,YAPILDI,17.08.2025
BURSA,İNEGÖL,YAPILDI,30.06.2025,YAPILDI,28.07.2025,YAPILDI,22.08.2025
BURSA,İZNİK,YAPILMADI,,YAPILDI,28.07.2025,YAPILDI,27.08.2025
BURSA,KARACABEY,YAPILMADI,,YAPILDI,29.07.2025,YAPILDI,19.08.2025
BURSA,KELES,YAPILMADI,,YAPILDI,18.07.2025,YAPILDI,15.08.2025
BURSA,KESTEL,YAPILDI,1.07.2025,YAPILDI,29.07.2025,YAPILDI,12.08.2025
BURSA,MUDANYA,YAPILMADI,,YAPILDI,26.07.2025,YAPILDI,26.08.2025
BURSA,MUSTAFAKEMALPAŞA,YAPILMADI,,YAPILDI,8.07.2025,YAPILDI,26.08.2025
BURSA,NİLÜFER,YAPILMADI,,YAPILDI,31.07.2025,PLANLANDI,2.09.2025
BURSA,ORHANELİ,YAPILMADI,,YAPILDI,29.07.2025,YAPILDI,26.08.2025
BURSA,ORHANGAZİ,YAPILMADI,,YAPILDI,17.07.2025,YAPILDI,5.08.2025
BURSA,OSMANGAZİ,YAPILMADI,,YAPILDI,9.07.2025,YAPILDI,27.08.2025
BURSA,YENİŞEHİR,YAPILDI,3.06.2025,YAPILDI,29.07.2025,YAPILDI,26.08.2025
BURSA,YILDIRIM,YAPILMADI,,YAPILDI,8.07.2025,YAPILDI,6.08.2025
ÇANAKKALE,İL,YAPILMADI,19.07.2025,YAPILDI,19.07.2025,PLANLANMADI,
ÇANAKKALE,AYVACIK,YAPILDI,30.06.2025,YAPILMADI,,PLANLANMADI,
ÇANAKKALE,BAYRAMİÇ,YAPILMADI,,YAPILDI,8.07.2025,PLANLANMADI,
ÇANAKKALE,BİGA,YAPILMADI,,YAPILDI,14.07.2025,PLANLANMADI,
ÇANAKKALE,BOZCAADA,YAPILMADI,,YAPILDI,16.07.2025,PLANLANMADI,
ÇANAKKALE,ÇAN,YAPILDI,17.06.2025,YAPILMADI,,PLANLANMADI,
ÇANAKKALE,ECEABAT,YAPILMADI,,YAPILDI,7.07.2025,PLANLANMADI,
ÇANAKKALE,EZİNE,YAPILDI,20.06.2025,YAPILMADI,,PLANLANMADI,
ÇANAKKALE,GELİBOLU,YAPILDI,4.06.2025,YAPILMADI,,PLANLANMADI,
ÇANAKKALE,GÖKÇEADA,YAPILMADI,,YAPILDI,17.07.2025,PLANLANMADI,
ÇANAKKALE,LAPSEKİ,YAPILMADI,,YAPILDI,10.07.2025,PLANLANMADI,
ÇANAKKALE,MERKEZ,YAPILDI,21.06.2025,YAPILDI,12.07.2025,PLANLANMADI,
ÇANAKKALE,YENİCE,YAPILDI,18.06.2025,YAPILMADI,,PLANLANMADI,
ÇANKIRI,İL,YAPILDI,28.06.2025,YAPILDI,26.07.2025,YAPILDI,27.08.2025
ÇANKIRI,ATKARACALAR,YAPILDI,24.06.2025,YAPILDI,29.07.2025,YAPILDI,26.08.2025
ÇANKIRI,BAYRAMÖREN,YAPILDI,24.06.2025,YAPILDI,29.07.2025,YAPILDI,26.08.2025
ÇANKIRI,ÇERKEŞ,YAPILDI,24.06.2025,YAPILDI,29.07.2025,YAPILDI,26.08.2025
ÇANKIRI,ELDİVAN,YAPILDI,24.06.2025,YAPILDI,29.07.2025,YAPILDI,26.08.2025
ÇANKIRI,ILGAZ,YAPILDI,24.06.2025,YAPILDI,29.07.2025,YAPILDI,26.08.2025
ÇANKIRI,KIZILIRMAK,YAPILDI,24.06.2025,YAPILDI,29.07.2025,YAPILDI,26.08.2025
ÇANKIRI,KORGUN,YAPILDI,27.06.2025,YAPILDI,29.07.2025,YAPILDI,26.08.2025
ÇANKIRI,KURŞUNLU,YAPILDI,24.06.2025,YAPILDI,29.07.2025,YAPILDI,26.08.2025
ÇANKIRI,MERKEZ,YAPILMADI,,YAPILDI,29.07.2025,YAPILDI,26.08.2025
ÇANKIRI,ORTA,YAPILDI,24.06.2025,YAPILDI,29.07.2025,YAPILDI,26.08.2025
ÇANKIRI,ŞABANÖZÜ,YAPILDI,24.06.2025,YAPILDI,29.07.2025,YAPILDI,26.08.2025
ÇANKIRI,YAPRAKLI,YAPILDI,27.06.2025,YAPILDI,25.07.2025,YAPILDI,26.08.2025
ÇORUM,İL,YAPILDI,28.06.2025,YAPILDI,26.07.2025,PLANLANDI,30.08.2025
ÇORUM,ALACA,YAPILDI,23.06.2025,YAPILDI,22.07.2025,YAPILDI,23.08.2025
ÇORUM,BAYAT,YAPILDI,25.06.2025,YAPILDI,22.07.2025,YAPILDI,27.08.2025
ÇORUM,BOĞAZKALE,YAPILDI,16.06.2025,YAPILDI,22.07.2025,YAPILDI,20.08.2025
ÇORUM,DODURGA,YAPILDI,24.06.2025,YAPILDI,22.07.2025,YAPILDI,26.08.2025
ÇORUM,İSKİLİP,YAPILDI,24.06.2025,YAPILDI,22.07.2025,YAPILDI,27.08.2025
ÇORUM,KARGI,YAPILDI,25.06.2025,YAPILDI,22.07.2025,PLANLANDI,29.08.2025
ÇORUM,LAÇİN,YAPILDI,24.06.2025,YAPILDI,22.07.2025,YAPILDI,26.08.2025
ÇORUM,MECİTÖZÜ,YAPILDI,23.06.2025,YAPILDI,22.07.2025,PLANLANDI,29.08.2025
ÇORUM,MERKEZ,YAPILDI,28.06.2025,YAPILDI,26.07.2025,PLANLANDI,29.08.2025
ÇORUM,OĞUZLAR,YAPILDI,17.06.2025,YAPILDI,22.07.2025,YAPILDI,19.08.2025
ÇORUM,ORTAKÖY,YAPILDI,17.06.2025,YAPILDI,22.07.2025,YAPILDI,23.08.2025
ÇORUM,OSMANCIK,YAPILDI,27.06.2025,YAPILDI,22.07.2025,PLANLANDI,29.08.2025
ÇORUM,SUNGURLU,YAPILDI,17.06.2025,YAPILDI,22.07.2025,YAPILDI,20.08.2025
ÇORUM,UĞURLUDAĞ,YAPILDI,27.06.2025,YAPILDI,22.07.2025,PLANLANDI,29.08.2025
DENİZLİ,İL,YAPILDI,15.06.2025,YAPILMADI,,PLANLANMADI,
DENİZLİ,ACIPAYAM,YAPILDI,24.06.2025,YAPILMADI,,PLANLANMADI,
DENİZLİ,BABADAĞ,YAPILDI,27.06.2025,YAPILMADI,,PLANLANMADI,
DENİZLİ,BAKLAN,YAPILDI,23.06.2025,YAPILMADI,,PLANLANMADI,
DENİZLİ,BEKİLLİ,YAPILDI,23.06.2025,YAPILMADI,,PLANLANMADI,
DENİZLİ,BEYAĞAÇ,YAPILDI,26.06.2025,YAPILMADI,,PLANLANMADI,
DENİZLİ,BOZKURT,YAPILDI,26.06.2025,YAPILMADI,,PLANLANMADI,
DENİZLİ,BULDAN,YAPILDI,27.06.2025,YAPILMADI,,PLANLANMADI,
DENİZLİ,ÇAL,YAPILDI,23.06.2025,YAPILMADI,,PLANLANMADI,
DENİZLİ,ÇAMELİ,YAPILDI,24.06.2025,YAPILMADI,,PLANLANMADI,
DENİZLİ,ÇARDAK,YAPILDI,26.06.2025,YAPILMADI,,PLANLANMADI,
DENİZLİ,ÇİVRİL,YAPILDI,23.06.2025,YAPILMADI,,PLANLANMADI,
DENİZLİ,GÜNEY,YAPILDI,27.06.2025,YAPILMADI,,PLANLANMADI,
DENİZLİ,HONAZ,YAPILDI,26.06.2025,YAPILMADI,,PLANLANMADI,
DENİZLİ,KALE,YAPILMADI,,YAPILMADI,,PLANLANMADI,
DENİZLİ,MERKEZEFENDİ,YAPILDI,16.06.2025,YAPILMADI,,PLANLANMADI,
DENİZLİ,PAMUKKALE,YAPILDI,25.06.2025,YAPILMADI,,PLANLANMADI,
DENİZLİ,SARAYKÖY,YAPILDI,27.06.2025,YAPILMADI,,PLANLANMADI,
DENİZLİ,SERİNHİSAR,YAPILDI,24.06.2025,YAPILMADI,,PLANLANMADI,
DENİZLİ,TAVAS,YAPILDI,26.06.2025,YAPILMADI,,PLANLANMADI,
DİYARBAKIR,İL,YAPILMADI,,YAPILDI,26.07.2025,YAPILDI,24.08.2025
DİYARBAKIR,BAĞLAR,YAPILDI,17.06.2025,YAPILDI,8.07.2025,YAPILDI,5.08.2025
DİYARBAKIR,BİSMİL,YAPILDI,17.06.2025,YAPILDI,8.07.2025,YAPILDI,5.08.2025
DİYARBAKIR,ÇERMİK,YAPILDI,17.06.2025,YAPILDI,8.07.2025,YAPILDI,5.08.2025
DİYARBAKIR,ÇINAR,YAPILDI,17.06.2025,YAPILDI,8.07.2025,YAPILDI,5.08.2025
DİYARBAKIR,ÇÜNGÜŞ,YAPILDI,17.06.2025,YAPILDI,8.07.2025,YAPILDI,5.08.2025
DİYARBAKIR,DİCLE,YAPILDI,17.06.2025,YAPILDI,8.07.2025,YAPILDI,5.08.2025
DİYARBAKIR,EĞİL,YAPILDI,17.06.2025,YAPILDI,8.07.2025,YAPILDI,5.08.2025
DİYARBAKIR,ERGANİ,YAPILDI,17.06.2025,YAPILDI,8.07.2025,YAPILDI,5.08.2025
DİYARBAKIR,HANİ,YAPILDI,17.06.2025,YAPILDI,8.07.2025,YAPILDI,5.08.2025
DİYARBAKIR,HAZRO,YAPILDI,17.06.2025,YAPILDI,8.07.2025,YAPILDI,5.08.2025
DİYARBAKIR,KAYAPINAR,YAPILDI,17.06.2025,YAPILDI,8.07.2025,YAPILDI,5.08.2025
DİYARBAKIR,KOCAKÖY,YAPILDI,17.06.2025,YAPILDI,8.07.2025,YAPILDI,5.08.2025
DİYARBAKIR,KULP,YAPILDI,17.06.2025,YAPILDI,8.07.2025,YAPILDI,5.08.2025
DİYARBAKIR,LİCE,YAPILDI,17.06.2025,YAPILDI,8.07.2025,YAPILDI,5.08.2025
DİYARBAKIR,SİLVAN,YAPILDI,17.06.2025,YAPILDI,8.07.2025,YAPILDI,5.08.2025
DİYARBAKIR,SUR,YAPILDI,17.06.2025,YAPILDI,8.07.2025,YAPILDI,5.08.2025
DİYARBAKIR,YENİŞEHİR,YAPILDI,17.06.2025,YAPILDI,8.07.2025,YAPILDI,5.08.2025
DÜZCE,İL,YAPILMADI,,YAPILDI,4.07.2025,YAPILDI,26.08.2025
DÜZCE,AKÇAKOCA,YAPILDI,17.06.2025,YAPILDI,22.07.2025,YAPILDI,26.08.2025
DÜZCE,CUMAYERİ,YAPILDI,17.06.2025,YAPILDI,3.07.2025,YAPILDI,12.08.2025
DÜZCE,ÇİLİMLİ,YAPILDI,18.06.2025,YAPILDI,22.07.2025,YAPILDI,26.08.2025
DÜZCE,GÖLYAKA,YAPILDI,17.06.2025,YAPILDI,25.07.2025,YAPILDI,22.08.2025
DÜZCE,GÜMÜŞOVA,YAPILDI,17.06.2025,YAPILDI,17.07.2025,YAPILDI,26.08.2025
DÜZCE,KAYNAŞLI,YAPILDI,17.06.2025,YAPILDI,23.07.2025,YAPILDI,6.08.2025
DÜZCE,MERKEZ,YAPILMADI,,YAPILDI,4.07.2025,YAPILDI,26.08.2025
DÜZCE,YIĞILCA,YAPILDI,20.06.2025,YAPILDI,18.07.2025,YAPILDI,26.08.2025
EDİRNE,İL,YAPILMADI,,YAPILDI,26.07.2025,PLANLANMADI,
EDİRNE,ENEZ,YAPILDI,3.06.2025,YAPILDI,27.07.2025,PLANLANDI,29.08.2025
EDİRNE,HAVSA,YAPILDI,2.06.2025,YAPILDI,25.07.2025,YAPILDI,23.08.2025
EDİRNE,İPSALA,YAPILDI,4.06.2025,YAPILDI,27.07.2025,YAPILDI,19.08.2025
EDİRNE,KEŞAN,YAPILDI,3.06.2025,YAPILDI,27.07.2025,YAPILDI,19.08.2025
EDİRNE,LALAPAŞA,YAPILDI,2.06.2025,YAPILDI,25.07.2025,YAPILDI,26.08.2025
EDİRNE,MERİÇ,YAPILDI,4.06.2025,YAPILDI,27.07.2025,PLANLANDI,29.08.2025
EDİRNE,MERKEZ,YAPILDI,5.06.2025,YAPILDI,26.07.2025,YAPILDI,4.08.2025
EDİRNE,SÜLOĞLU,YAPILDI,2.06.2025,YAPILDI,25.07.2025,YAPILDI,8.08.2025
EDİRNE,UZUNKÖPRÜ,YAPILDI,5.06.2025,YAPILDI,25.07.2025,YAPILDI,28.08.2025
ELAZIĞ,İL,YAPILDI,21.06.2025,YAPILDI,19.07.2025,PLANLANDI,30.08.2025
ELAZIĞ,AĞIN,YAPILDI,18-20 HAZİRAN,YAPILDI,5-6 TEMMUZ,YAPILDI,2-3 AĞUSTOS
ELAZIĞ,ALACAKAYA,YAPILDI,18-20 HAZİRAN,YAPILDI,5-6 TEMMUZ,YAPILDI,2-3 AĞUSTOS
ELAZIĞ,ARICAK,YAPILDI,18-20 HAZİRAN,YAPILDI,5-6 TEMMUZ,YAPILDI,2-3 AĞUSTOS
ELAZIĞ,BASKİL,YAPILDI,18-20 HAZİRAN,YAPILDI,5-6 TEMMUZ,YAPILDI,2-3 AĞUSTOS
ELAZIĞ,KARAKOÇAN,YAPILDI,18-20 HAZİRAN,YAPILDI,5-6 TEMMUZ,YAPILDI,2-3 AĞUSTOS
ELAZIĞ,KEBAN,YAPILDI,18-20 HAZİRAN,YAPILDI,5-6 TEMMUZ,YAPILDI,2-3 AĞUSTOS
ELAZIĞ,KOVANCILAR,YAPILDI,18-20 HAZİRAN,YAPILDI,5-6 TEMMUZ,YAPILDI,2-3 AĞUSTOS
ELAZIĞ,MADEN,YAPILDI,18-20 HAZİRAN,YAPILDI,5-6 TEMMUZ,YAPILDI,2-3 AĞUSTOS
ELAZIĞ,MERKEZ,YAPILDI,21.06.2025,YAPILDI,26.07.2025,PLANLANDI,30.08.2025
ELAZIĞ,PALU,YAPILDI,18-20 HAZİRAN,YAPILDI,5-6 TEMMUZ,YAPILDI,2-3 AĞUSTOS
ELAZIĞ,SİVRİCE,YAPILDI,18-20 HAZİRAN,YAPILDI,5-6 TEMMUZ,YAPILDI,2-3 AĞUSTOS
ERZİNCAN,İL,YAPILMADI,,YAPILDI,26.07.2025,PLANLANMADI,
ERZİNCAN,ÇAYIRLI,YAPILDI,2.06.2025,YAPILDI,22.07.2025,PLANLANMADI,
ERZİNCAN,İLİÇ,YAPILDI,1.06.2025,YAPILDI,18.07.2025,PLANLANMADI,
ERZİNCAN,KEMAH,YAPILDI,1.06.2025,YAPILDI,18.07.2025,PLANLANMADI,
ERZİNCAN,KEMALİYE,YAPILDI,01.06.2025,YAPILDI,17.07.2025,PLANLANMADI,
ERZİNCAN,MERKEZ,YAPILDI,1.06.2025,YAPILDI,26.07.2025,PLANLANMADI,
ERZİNCAN,OTLUKBELİ,YAPILDI,2.06.2025,YAPILDI,22.07.2025,PLANLANMADI,
ERZİNCAN,REFAHİYE,YAPILDI,1.06.2025,YAPILDI,17.07.2025,PLANLANMADI,
ERZİNCAN,TERCAN,YAPILDI,2.06.2025,YAPILDI,22.07.2025,PLANLANMADI,
ERZİNCAN,ÜZÜMLÜ,YAPILDI,1.06.2025,YAPILDI,22.07.2025,PLANLANMADI,
ERZURUM,İL,YAPILDI,29.06.2025,YAPILDI,26.07.2025,YAPILDI,21.08.2025
ERZURUM,AŞKALE,YAPILDI,12.06.2025,YAPILDI,14.07.2025,YAPILDI,11.08.2025
ERZURUM,AZİZİYE,YAPILDI,15.06.2025,YAPILDI,14.07.2025,YAPILDI,18.08.2025
ERZURUM,ÇAT,YAPILDI,14.06.2025,YAPILDI,16.07.2025,YAPILDI,11.08.2025
ERZURUM,HINIS,YAPILDI,11.06.2025,YAPILDI,16.07.2025,YAPILDI,11.08.2025
ERZURUM,HORASAN,YAPILDI,12.06.2025,YAPILDI,17.07.2025,YAPILDI,12.08.2025
ERZURUM,İSPİR,YAPILDI,13.06.2025,YAPILDI,17.07.2025,YAPILDI,12.08.2025
ERZURUM,KARAÇOBAN,YAPILDI,11.06.2025,YAPILDI,18.07.2025,YAPILDI,12.08.2025
ERZURUM,KARAYAZI,YAPILDI,11.06.2025,YAPILDI,18.07.2025,YAPILDI,13.08.2025
ERZURUM,KÖPRÜKÖY,YAPILDI,11.06.2025,YAPILDI,19.07.2025,YAPILDI,13.08.2025
ERZURUM,NARMAN,YAPILDI,13.06.2025,YAPILDI,19.07.2025,YAPILDI,13.08.2025
ERZURUM,OLTU,YAPILDI,13.06.2025,YAPILDI,21.07.2025,YAPILDI,14.08.2025
ERZURUM,OLUR,YAPILDI,12.06.2025,YAPILDI,21.07.2025,YAPILDI,14.08.2025
ERZURUM,PALANDÖKEN,YAPILDI,14.06.2025,YAPILDI,22.07.2025,YAPILDI,18.08.2025
ERZURUM,PASİNLER,YAPILDI,12.06.2025,YAPILDI,22.07.2025,YAPILDI,14.08.2025
ERZURUM,PAZARYOLU,YAPILDI,13.06.2025,YAPILDI,23.07.2025,YAPILDI,15.08.2025
ERZURUM,ŞENKAYA,YAPILDI,12.06.2025,YAPILDI,23.07.2025,YAPILDI,15.08.2025
ERZURUM,TEKMAN,YAPILDI,11.06.2025,YAPILDI,24.07.2025,YAPILDI,15.08.2025
ERZURUM,TORTUM,YAPILDI,13.06.2025,YAPILDI,24.07.2025,YAPILDI,16.08.2025
ERZURUM,UZUNDERE,YAPILMADI,,YAPILDI,25.07.2025,YAPILDI,16.08.2025
ERZURUM,YAKUTİYE,YAPILDI,15.06.2025,YAPILDI,25.07.2025,YAPILDI,19.08.2025
ESKİŞEHİR,İL,YAPILDI,31.05.2025,YAPILMADI,,YAPILDI,9.08.2025
ESKİŞEHİR,ALPU,YAPILMADI,,YAPILDI,6.07.2025,YAPILDI,26.08.2025
ESKİŞEHİR,BEYLİKOVA,YAPILDI,28.06.2025,YAPILMADI,,YAPILDI,26.08.2025
ESKİŞEHİR,ÇİFTELER,YAPILMADI,,YAPILMADI,16.07.2025,YAPILDI,28.08.2025
ESKİŞEHİR,GÜNYÜZÜ,YAPILMADI,,YAPILDI,5.07.2025,YAPILDI,27.08.2025
ESKİŞEHİR,HAN,YAPILMADI,,YAPILDI,2.07.2025,YAPILDI,28.08.2025
ESKİŞEHİR,İNÖNÜ,YAPILMADI,,YAPILMADI,13.07.2025,YAPILDI,25.08.2025
ESKİŞEHİR,MAHMUDİYE,YAPILMADI,,YAPILDI,12.07.2025,PLANLANDI,29.08.2025
ESKİŞEHİR,MİHALGAZİ,YAPILDI,28.06.2025,YAPILMADI,20.07.2025,PLANLANDI,30.08.2025
ESKİŞEHİR,MİHALIÇÇIK,YAPILDI,28.06.2025,YAPILMADI,,YAPILDI,26.08.2025
ESKİŞEHİR,ODUNPAZARI,YAPILMADI,,YAPILMADI,5.07.2025,PLANLANDI,31.08.2025
ESKİŞEHİR,SARICAKAYA,YAPILMADI,,YAPILDI,25.07.2025,PLANLANDI,30.08.2025
ESKİŞEHİR,SEYİTGAZİ,YAPILMADI,,YAPILDI,7.07.2025,PLANLANDI,29.08.2025
ESKİŞEHİR,SİVRİHİSAR,YAPILDI,26.06.2025,YAPILMADI,,YAPILDI,27.08.2025
ESKİŞEHİR,TEPEBAŞI,YAPILMADI,,YAPILMADI,6.07.2025,PLANLANDI,31.08.2025
GAZİANTEP,İL,YAPILDI,30.06.2025,YAPILDI,26.07.2025,YAPILDI,23.08.2025
GAZİANTEP,ARABAN,YAPILDI,27.06.2025,YAPILDI,11.07.2025,YAPILDI,8.08.2025
GAZİANTEP,İSLAHİYE,YAPILDI,27.06.2025,YAPILDI,11.07.2025,YAPILDI,8.08.2025
GAZİANTEP,KARKAMIŞ,YAPILDI,27.06.2025,YAPILDI,4.07.2025,YAPILDI,1.08.2025
GAZİANTEP,NİZİP,YAPILDI,27.06.2025,YAPILDI,4.07.2025,YAPILDI,1.08.2025
GAZİANTEP,NURDAĞI,YAPILDI,27.06.2025,YAPILDI,11.07.2025,YAPILDI,8.08.2025
GAZİANTEP,OĞUZELİ,YAPILDI,27.06.2025,YAPILDI,4.07.2025,YAPILDI,1.08.2025
GAZİANTEP,ŞAHİNBEY,YAPILDI,27.06.2025,YAPILDI,18.07.2025,YAPILDI,15.08.2025
GAZİANTEP,ŞEHİTKAMİL,YAPILDI,27.06.2025,YAPILDI,18.07.2025,YAPILDI,15.08.2025
GAZİANTEP,YAVUZELİ,YAPILDI,27.06.2025,YAPILDI,11.07.2025,YAPILDI,8.08.2025
GİRESUN,İL,YAPILMADI,,YAPILDI,1.08.2025,PLANLANMADI,
GİRESUN,ALUCRA,YAPILDI,17.06.2025,YAPILDI,15.07.2025,PLANLANMADI,
GİRESUN,BULANCAK,YAPILDI,17.06.2025,YAPILDI,15.07.2025,PLANLANMADI,
GİRESUN,ÇAMOLUK,YAPILDI,17.06.2025,YAPILDI,8.07.2025,PLANLANMADI,
GİRESUN,ÇANAKÇI,YAPILDI,17.06.2025,YAPILDI,10.07.2025,PLANLANMADI,
GİRESUN,DERELİ,YAPILDI,17.06.2025,YAPILDI,3.07.2025,PLANLANMADI,
GİRESUN,DOĞANKENT,YAPILDI,17.06.2025,YAPILDI,11.07.2025,PLANLANMADI,
GİRESUN,ESPİYE,YAPILDI,17.06.2025,YAPILDI,11.07.2025,PLANLANMADI,
GİRESUN,EYNESİL,YAPILDI,17.06.2025,YAPILDI,8.07.2025,PLANLANMADI,
GİRESUN,GÖRELE,YAPILDI,17.06.2025,YAPILDI,8.07.2025,PLANLANMADI,
GİRESUN,GÜCE,YAPILDI,17.06.2025,YAPILDI,14.07.2025,PLANLANMADI,
GİRESUN,KEŞAP,YAPILDI,17.06.2025,YAPILDI,9.07.2025,PLANLANMADI,
GİRESUN,MERKEZ,YAPILDI,17.06.2025,YAPILDI,8.07.2025,PLANLANMADI,
GİRESUN,PİRAZİZ,YAPILDI,17.06.2025,YAPILDI,7.07.2025,PLANLANMADI,
GİRESUN,ŞEBİNKARAHİSAR,YAPILDI,17.06.2025,YAPILDI,15.07.2025,PLANLANMADI,
GİRESUN,TİREBOLU,YAPILDI,17.06.2025,YAPILDI,11.07.2025,PLANLANMADI,
GİRESUN,YAĞLIDERE,YAPILDI,17.06.2025,YAPILDI,11.07.2025,PLANLANMADI,
GÜMÜŞHANE,İL,YAPILMADI,,YAPILDI,27.07.2025,PLANLANMADI,
GÜMÜŞHANE,KELKİT,YAPILMADI,,YAPILDI,20.07.2025,YAPILDI,23.08.2025
GÜMÜŞHANE,KÖSE,YAPILMADI,,YAPILDI,20.07.2025,YAPILDI,24.08.2025
GÜMÜŞHANE,KÜRTÜN,YAPILMADI,,YAPILDI,11.07.2025,YAPILDI,16.08.2025
GÜMÜŞHANE,MERKEZ,YAPILMADI,,YAPILDI,19.07.2025,PLANLANDI,31.08.2025
GÜMÜŞHANE,ŞİRAN,YAPILMADI,,YAPILDI,19.07.2025,YAPILDI,23.08.2025
GÜMÜŞHANE,TORUL,YAPILMADI,,YAPILDI,22.07.2025,YAPILDI,16.08.2025
HAKKARİ,İL,YAPILDI,13.06.2025,YAPILDI,17.07.2025,YAPILDI,20.08.2025
HAKKARİ,ÇUKURCA,YAPILDI,13.06.2025,YAPILDI,17.07.2025,YAPILDI,20.08.2025
HAKKARİ,DERECİK,YAPILDI,12.06.2025,YAPILDI,16.07.2025,YAPILDI,19.08.2025
HAKKARİ,MERKEZ,YAPILDI,13.06.2025,YAPILDI,17.07.2025,YAPILDI,20.08.2025
HAKKARİ,ŞEMDİNLİ,YAPILDI,12.06.2025,YAPILDI,16.07.2025,YAPILDI,19.08.2025
HAKKARİ,YÜKSEKOVA,YAPILDI,11.06.2025,YAPILDI,15.07.2025,YAPILDI,18.08.2025
HATAY,İL,YAPILDI,28.06.2025,YAPILDI,26.07.2025,YAPILDI,23.08.2025
HATAY,ALTINÖZÜ,YAPILDI,18.06.2025,YAPILDI,23.07.2025,YAPILDI,27.08.2025
HATAY,ANTAKYA,YAPILDI,23.06.2025,YAPILDI,23.07.2025,YAPILDI,23.08.2025
HATAY,ARSUZ,YAPILDI,24.06.2025,YAPILDI,30.07.2025,PLANLANDI,29.08.2025
HATAY,BELEN,YAPILDI,27.06.2025,YAPILDI,25.07.2025,PLANLANDI,29.08.2025
HATAY,DEFNE,YAPILDI,24.06.2025,YAPILDI,25.07.2025,YAPILDI,22.08.2025
HATAY,DÖRTYOL,YAPILDI,24.06.2025,YAPILDI,29.07.2025,YAPILDI,26.08.2025
HATAY,ERZİN,YAPILDI,17.06.2025,YAPILDI,29.07.2025,YAPILDI,26.08.2025
HATAY,HASSA,YAPILDI,25.06.2025,YAPILDI,19.07.2025,PLANLANDI,30.08.2025
HATAY,İSKENDERUN,YAPILDI,13.06.2025,YAPILDI,31.07.2025,YAPILDI,20.08.2025
HATAY,KIRIKHAN,YAPILDI,24.06.2025,YAPILDI,19.07.2025,YAPILDI,19.08.2025
HATAY,KUMLU,YAPILDI,17.06.2025,YAPILDI,23.07.2025,YAPILDI,26.08.2025
HATAY,PAYAS,YAPILDI,24.06.2025,YAPILDI,29.07.2025,YAPILDI,26.08.2025
HATAY,REYHANLI,YAPILDI,17.06.2025,YAPILDI,24.07.2025,YAPILDI,19.08.2025
HATAY,SAMANDAĞ,YAPILDI,17.06.2025,YAPILDI,19.07.2025,YAPILDI,19.08.2025
HATAY,YAYLADAĞI,YAPILDI,24.06.2025,YAPILDI,19.07.2025,YAPILDI,15.08.2025
IĞDIR,İL,YAPILDI,21.06.2025,YAPILDI,26.07.2025,PLANLANDI,29.08.2025
IĞDIR,ARALIK,YAPILMADI,,YAPILDI,16.07.2025,YAPILDI,18.08.2025
IĞDIR,KARAKOYUNLU,YAPILMADI,,YAPILDI,27.07.2025,YAPILDI,24.08.2025
IĞDIR,MERKEZ,YAPILMADI,,YAPILDI,25.07.2025,YAPILDI,27.08.2025
IĞDIR,TUZLUCA,YAPILMADI,,YAPILDI,19.07.2025,YAPILDI,23.08.2025
ISPARTA,İL,YAPILDI,4.06.2025,YAPILDI,14.07.2025,YAPILDI,18.08.2025
ISPARTA,AKSU,YAPILDI,17.06.2025,YAPILDI,29.07.2025,YAPILDI,26.08.2025
ISPARTA,ATABEY,YAPILDI,17.06.2025,YAPILDI,30.07.2025,YAPILDI,26.08.2025
ISPARTA,EĞİRDİR,YAPILDI,17.06.2025,YAPILMADI,,YAPILDI,27.08.2025
ISPARTA,GELENDOST,YAPILDI,17.06.2025,YAPILDI,29.07.2025,YAPILDI,26.08.2025
ISPARTA,GÖNEN,YAPILDI,18.06.2025,YAPILDI,30.07.2025,YAPILDI,27.08.2025
ISPARTA,KEÇİBORLU,YAPILDI,18.06.2025,YAPILDI,30.07.2025,YAPILDI,27.08.2025
ISPARTA,MERKEZ,YAPILMADI,,YAPILDI,30.07.2025,YAPILDI,26.08.2025
ISPARTA,SENİRKENT,YAPILDI,18.06.2025,YAPILMADI,,YAPILDI,27.08.2025
ISPARTA,SÜTÇÜLER,YAPILDI,17.06.2025,YAPILDI,29.07.2025,YAPILDI,27.08.2025
ISPARTA,ŞARKİKARAAĞAÇ,YAPILDI,17.06.2025,YAPILDI,29.07.2025,YAPILDI,26.08.2025
ISPARTA,ULUBORLU,YAPILDI,18.06.2025,YAPILMADI,,YAPILDI,27.08.2025
ISPARTA,YALVAÇ,YAPILDI,17.06.2025,YAPILMADI,,YAPILDI,26.08.2025
ISPARTA,YENİŞARBADEMLİ,YAPILDI,17.06.2025,YAPILDI,29.07.2025,YAPILDI,26.08.2025
İSTANBUL,İL,YAPILMADI,,YAPILMADI,,PLANLANMADI,
İSTANBUL,ADALAR,YAPILMADI,,YAPILMADI,,YAPILDI,26.08.2025
İSTANBUL,ARNAVUTKÖY,YAPILMADI,,YAPILMADI,,YAPILDI,26.08.2025
İSTANBUL,ATAŞEHİR,YAPILMADI,,YAPILMADI,,YAPILDI,26.08.2025
İSTANBUL,AVCILAR,YAPILMADI,,YAPILMADI,,YAPILDI,26.08.2025
İSTANBUL,BAĞCILAR,YAPILMADI,,YAPILMADI,,YAPILDI,26.08.2025
İSTANBUL,BAHÇELİEVLER,YAPILMADI,,YAPILMADI,,YAPILDI,26.08.2025
İSTANBUL,BAKIRKÖY,YAPILMADI,,YAPILMADI,,YAPILDI,26.08.2025
İSTANBUL,BAŞAKŞEHİR,YAPILMADI,,YAPILMADI,,YAPILDI,26.08.2025
İSTANBUL,BAYRAMPAŞA,YAPILMADI,,YAPILMADI,,YAPILDI,26.08.2025
İSTANBUL,BEŞİKTAŞ,YAPILMADI,,YAPILMADI,,YAPILDI,26.08.2025
İSTANBUL,BEYKOZ,YAPILMADI,,YAPILMADI,,YAPILDI,26.08.2025
İSTANBUL,BEYLİKDÜZÜ,YAPILMADI,,YAPILMADI,,PLANLANMADI,
İSTANBUL,BEYOĞLU,YAPILMADI,,YAPILMADI,,YAPILDI,26.08.2025
İSTANBUL,BÜYÜKÇEKMECE,YAPILMADI,,YAPILMADI,,YAPILDI,26.08.2025
İSTANBUL,ÇATALCA,YAPILMADI,,YAPILMADI,,PLANLANMADI,
İSTANBUL,ÇEKMEKÖY,YAPILMADI,,YAPILMADI,,PLANLANMADI,
İSTANBUL,ESENLER,YAPILMADI,,YAPILMADI,,YAPILDI,26.08.2025
İSTANBUL,ESENYURT,YAPILMADI,,YAPILMADI,,YAPILDI,26.08.2025
İSTANBUL,EYÜPSULTAN,YAPILMADI,,YAPILMADI,,YAPILDI,26.08.2025
İSTANBUL,FATİH,YAPILMADI,,YAPILMADI,,YAPILDI,26.08.2025
İSTANBUL,GAZİOSMANPAŞA,YAPILMADI,,YAPILMADI,,YAPILDI,26.08.2025
İSTANBUL,GÜNGÖREN,YAPILMADI,,YAPILMADI,,YAPILDI,26.08.2025
İSTANBUL,KADIKÖY,YAPILMADI,,YAPILMADI,,YAPILDI,26.08.2025
İSTANBUL,KAĞITHANE,YAPILMADI,,YAPILMADI,,YAPILDI,26.08.2025
İSTANBUL,KARTAL,YAPILMADI,,YAPILMADI,,YAPILDI,26.08.2025
İSTANBUL,KÜÇÜKÇEKMECE,YAPILMADI,,YAPILMADI,,YAPILDI,26.08.2025
İSTANBUL,MALTEPE,YAPILMADI,,YAPILMADI,,YAPILDI,26.08.2025
İSTANBUL,PENDİK,YAPILMADI,,YAPILMADI,,YAPILDI,26.08.2025
İSTANBUL,SANCAKTEPE,YAPILMADI,,YAPILMADI,,YAPILDI,26.08.2025
İSTANBUL,SARIYER,YAPILMADI,,YAPILMADI,,YAPILDI,26.08.2025
İSTANBUL,SİLİVRİ,YAPILMADI,,YAPILMADI,,YAPILDI,26.08.2025
İSTANBUL,SULTANBEYLİ,YAPILMADI,,YAPILMADI,,YAPILDI,26.08.2025
İSTANBUL,SULTANGAZİ,YAPILMADI,,YAPILMADI,,YAPILDI,26.08.2025
İSTANBUL,ŞİLE,YAPILMADI,,YAPILMADI,,YAPILDI,26.08.2025
İSTANBUL,ŞİŞLİ,YAPILMADI,,YAPILMADI,,YAPILDI,26.08.2025
İSTANBUL,TUZLA,YAPILMADI,,YAPILMADI,,YAPILDI,26.08.2025
İSTANBUL,ÜMRANİYE,YAPILMADI,,YAPILMADI,,YAPILDI,26.08.2025
İSTANBUL,ÜSKÜDAR,YAPILMADI,,YAPILMADI,,PLANLANMADI,
İSTANBUL,ZEYTİNBURNU,YAPILMADI,,YAPILMADI,,YAPILDI,26.08.2025
İZMİR,İL,YAPILMADI,,YAPILMADI,,YAPILDI,4.08.2025
İZMİR,ALİAĞA,YAPILDI,19.07.2025,YAPILDI,29.07.2025,YAPILDI,26.08.2025
İZMİR,BALÇOVA,YAPILDI,17.06.2025,YAPILDI,22.07.2025,YAPILDI,19.08.2025
İZMİR,BAYINDIR,YAPILDI,30.06.2025,YAPILDI,30.07.2025,YAPILDI,27.08.2025
İZMİR,BAYRAKLI,YAPILDI,14.06.2025,YAPILDI,29.07.2025,YAPILDI,26.08.2025
İZMİR,BERGAMA,YAPILDI,22.06.2025,YAPILDI,30.07.2025,YAPILDI,27.08.2025
İZMİR,BEYDAĞ,YAPILDI,14.06.2025,YAPILDI,29.07.2025,YAPILDI,26.08.2025
İZMİR,BORNOVA,YAPILDI,14.06.2025,YAPILDI,29.07.2025,YAPILDI,26.08.2025
İZMİR,BUCA,YAPILDI,28.06.2025,YAPILDI,22.07.2025,YAPILDI,19.08.2025
İZMİR,ÇEŞME,YAPILDI,17.06.2025,YAPILDI,22.07.2025,YAPILDI,19.08.2025
İZMİR,ÇİĞLİ,YAPILDI,24.06.2025,YAPILDI,29.07.2025,YAPILDI,26.08.2025
İZMİR,DİKİLİ,YAPILDI,24.06.2025,YAPILDI,30.07.2025,YAPILDI,27.08.2025
İZMİR,FOÇA,YAPILDI,21.06.2025,YAPILDI,30.07.2025,YAPILDI,27.08.2025
İZMİR,GAZİEMİR,YAPILDI,21.06.2025,YAPILDI,29.07.2025,YAPILDI,19.08.2025
İZMİR,GÜZELBAHÇE,YAPILDI,25.06.2025,YAPILDI,23.07.2025,YAPILDI,20.08.2025
İZMİR,KARABAĞLAR,YAPILDI,20.06.2025,YAPILDI,23.07.2025,YAPILDI,20.08.2025
İZMİR,KARABURUN,YAPILDI,27.06.2025,YAPILDI,22.07.2025,YAPILDI,19.08.2025
İZMİR,KARŞIYAKA,YAPILDI,23.06.2025,YAPILDI,29.07.2025,YAPILDI,26.08.2025
İZMİR,KEMALPAŞA,YAPILDI,30.06.2025,YAPILDI,29.07.2025,YAPILDI,26.08.2025
İZMİR,KINIK,YAPILDI,20.06.2025,YAPILDI,29.07.2025,YAPILDI,26.08.2025
İZMİR,KİRAZ,YAPILDI,14.06.2025,YAPILDI,29.07.2025,YAPILDI,26.08.2025
İZMİR,KONAK,YAPILDI,28.06.2025,YAPILDI,29.07.2025,YAPILDI,19.08.2025
İZMİR,MENDERES,YAPILDI,25.06.2025,YAPILDI,23.07.2025,YAPILDI,20.08.2025
İZMİR,MENEMEN,YAPILDI,14.06.2025,YAPILDI,29.07.2025,YAPILDI,26.08.2025
İZMİR,NARLIDERE,YAPILDI,25.06.2025,YAPILDI,22.07.2025,YAPILDI,19.08.2025
İZMİR,ÖDEMİŞ,YAPILDI,14.06.2025,YAPILDI,30.07.2025,YAPILDI,27.08.2025
İZMİR,SEFERİHİSAR,YAPILDI,21.06.2025,YAPILDI,23.07.2025,YAPILDI,20.08.2025
İZMİR,SELÇUK,YAPILDI,13.06.2025,YAPILDI,22.07.2025,YAPILDI,19.08.2025
İZMİR,TİRE,YAPILDI,8.07.2025,YAPILDI,29.07.2025,YAPILDI,26.08.2025
İZMİR,TORBALI,YAPILMADI,,YAPILDI,22.07.2025,YAPILDI,19.08.2025
İZMİR,URLA,YAPILDI,25.06.2025,YAPILDI,22.07.2025,YAPILDI,19.08.2025
KAHRAMANMARAŞ,İL,YAPILMADI,,YAPILDI,2.08.2025,YAPILDI,2.08.2025
KAHRAMANMARAŞ,AFŞİN,YAPILDI,24.06.2025,YAPILDI,22.07.2025,YAPILDI,16.08.2025
KAHRAMANMARAŞ,ANDIRIN,YAPILDI,14.06.2025,YAPILDI,19.07.2025,YAPILDI,17.08.2025
KAHRAMANMARAŞ,ÇAĞLAYANCERİT,YAPILDI,27.06.2025,YAPILDI,24.07.2025,YAPILDI,19.08.2025
KAHRAMANMARAŞ,DULKADİROĞLU,YAPILDI,29.06.2025,YAPILDI,20.07.2025,YAPILDI,24.08.2025
KAHRAMANMARAŞ,EKİNÖZÜ,YAPILDI,22.06.2025,YAPILDI,20.07.2025,YAPILDI,12.08.2025
KAHRAMANMARAŞ,ELBİSTAN,YAPILDI,24.06.2025,YAPILDI,22.07.2025,YAPILDI,23.08.2025
KAHRAMANMARAŞ,GÖKSUN,YAPILDI,25.06.2025,YAPILDI,23.07.2025,YAPILDI,20.08.2025
KAHRAMANMARAŞ,NURHAK,YAPILDI,27.06.2025,YAPILDI,24.07.2025,YAPILDI,12.08.2025
KAHRAMANMARAŞ,ONİKİŞUBAT,YAPILDI,28.06.2025,YAPILDI,19.07.2025,YAPILDI,24.08.2025
KAHRAMANMARAŞ,PAZARCIK,YAPILDI,24.06.2025,YAPILDI,22.07.2025,YAPILDI,20.08.2025
KAHRAMANMARAŞ,TÜRKOĞLU,YAPILDI,25.06.2025,YAPILDI,23.07.2025,YAPILDI,26.08.2025
KARABÜK,İL,YAPILMADI,,YAPILMADI,26.07.2025,PLANLANDI,30.08.2025
KARABÜK,EFLANİ,YAPILMADI,,YAPILMADI,25.07.2025,YAPILDI,15.08.2025
KARABÜK,ESKİPAZAR,YAPILMADI,,YAPILDI,4.07.2025,YAPILDI,12.08.2025
KARABÜK,MERKEZ,YAPILMADI,,YAPILMADI,,YAPILDI,5.08.2025
KARABÜK,OVACIK,YAPILMADI,,YAPILMADI,,YAPILDI,8.08.2025
KARABÜK,SAFRANBOLU,YAPILMADI,,YAPILMADI,,YAPILDI,5.08.2025
KARABÜK,YENİCE,YAPILMADI,,YAPILDI,5.07.2025,YAPILDI,12.08.2025
KARAMAN,İL,YAPILDI,24.05.2025,YAPILDI,20.07.2025,YAPILDI,23.08.2025
KARAMAN,AYRANCI,YAPILDI,2.06.2025,YAPILDI,27.07.2025,PLANLANDI,30.08.2025
KARAMAN,BAŞYAYLA,YAPILDI,2.06.2025,YAPILDI,27.07.2025,PLANLANDI,30.08.2025
KARAMAN,ERMENEK,YAPILDI,2.06.2025,YAPILDI,27.07.2025,PLANLANDI,30.08.2025
KARAMAN,KAZIMKARABEKİR,YAPILDI,2.06.2025,YAPILDI,27.07.2025,PLANLANDI,30.08.2025
KARAMAN,MERKEZ,YAPILDI,24.05.2025,YAPILDI,27.07.2025,PLANLANDI,30.08.2025
KARAMAN,SARIVELİLER,YAPILDI,2.06.2025,YAPILDI,27.07.2025,PLANLANDI,30.08.2025
KARS,İL,YAPILMADI,,YAPILDI,26.07.2025,PLANLANMADI,
KARS,AKYAKA,YAPILMADI,,YAPILDI,29.07.2025,PLANLANMADI,
KARS,ARPAÇAY,YAPILMADI,,YAPILDI,29.07.2025,PLANLANMADI,
KARS,DİGOR,YAPILMADI,,YAPILDI,29.07.2025,PLANLANMADI,
KARS,KAĞIZMAN,YAPILMADI,,YAPILDI,29.07.2025,PLANLANMADI,
KARS,MERKEZ,YAPILMADI,,YAPILDI,29.07.2025,PLANLANMADI,
KARS,SARIKAMIŞ,YAPILMADI,,YAPILDI,29.07.2025,PLANLANMADI,
KARS,SELİM,YAPILMADI,,YAPILDI,29.07.2025,PLANLANMADI,
KARS,SUSUZ,YAPILMADI,,YAPILDI,29.07.2025,PLANLANMADI,
KASTAMONU,İL,YAPILMADI,,YAPILMADI,,YAPILDI,18.08.2025
KASTAMONU,ABANA,YAPILMADI,,YAPILDI,12.07.2025,PLANLANDI,30.08.2025
KASTAMONU,AĞLI,YAPILMADI,,YAPILDI,6.07.2025,YAPILDI,15.08.2025
KASTAMONU,ARAÇ,YAPILMADI,,YAPILDI,7.07.2025,PLANLANMADI,
KASTAMONU,AZDAVAY,YAPILMADI,,YAPILDI,13.07.2025,YAPILDI,20.08.2025
KASTAMONU,BOZKURT,YAPILMADI,,YAPILDI,12.07.2025,YAPILDI,28.08.2025
KASTAMONU,CİDE,YAPILMADI,,YAPILDI,6.07.2025,YAPILDI,26.08.2025
KASTAMONU,ÇATALZEYTİN,YAPILMADI,,YAPILDI,12.07.2025,YAPILDI,22.08.2025
KASTAMONU,DADAY,YAPILMADI,,YAPILDI,13.07.2025,YAPILDI,12.08.2025
KASTAMONU,DEVREKANİ,YAPILMADI,,YAPILDI,28.07.2025,YAPILDI,26.08.2025
KASTAMONU,DOĞANYURT,YAPILMADI,,YAPILDI,5.07.2025,YAPILDI,13.08.2025
KASTAMONU,HANÖNÜ,YAPILMADI,,YAPILDI,11.07.2025,PLANLANDI,29.08.2025
KASTAMONU,İHSANGAZİ,YAPILMADI,,YAPILDI,8.07.2025,PLANLANMADI,
KASTAMONU,İNEBOLU,YAPILMADI,,YAPILDI,5.07.2025,YAPILDI,13.08.2025
KASTAMONU,KÜRE,YAPILMADI,,YAPILDI,5.07.2025,YAPILDI,19.08.2025
KASTAMONU,MERKEZ,YAPILMADI,,YAPILDI,26.07.2025,YAPILDI,26.08.2025
KASTAMONU,PINARBAŞI,YAPILMADI,,YAPILDI,13.07.2025,PLANLANDI,29.08.2025
KASTAMONU,SEYDİLER,YAPILMADI,,YAPILDI,14.07.2025,YAPILDI,16.08.2025
KASTAMONU,ŞENPAZAR,YAPILMADI,,YAPILDI,6.07.2025,YAPILDI,22.08.2025
KASTAMONU,TAŞKÖPRÜ,YAPILMADI,,YAPILDI,11.07.2025,YAPILDI,26.08.2025
KASTAMONU,TOSYA,YAPILMADI,,YAPILDI,27.07.2025,YAPILDI,26.08.2025
KAYSERİ,İL,YAPILDI,29.06.2025,YAPILDI,27.07.2025,PLANLANDI,31.08.2025
KAYSERİ,AKKIŞLA,YAPILDI,24.06.2025,YAPILDI,29.07.2025,YAPILDI,26.08.2025
KAYSERİ,BÜNYAN,YAPILDI,24.06.2025,YAPILDI,29.07.2025,YAPILDI,26.08.2025
KAYSERİ,DEVELİ,YAPILDI,24.06.2025,YAPILDI,29.07.2025,YAPILDI,26.08.2025
KAYSERİ,FELAHİYE,YAPILDI,24.06.2025,YAPILDI,29.07.2025,YAPILDI,26.08.2025
KAYSERİ,HACILAR,YAPILDI,24.06.2025,YAPILDI,29.07.2025,YAPILDI,26.08.2025
KAYSERİ,İNCESU,YAPILDI,24.06.2025,YAPILDI,29.07.2025,YAPILDI,26.08.2025
KAYSERİ,KOCASİNAN,YAPILDI,24.06.2025,YAPILDI,29.07.2025,YAPILDI,26.08.2025
KAYSERİ,MELİKGAZİ,YAPILDI,24.06.2025,YAPILDI,29.07.2025,YAPILDI,26.08.2025
KAYSERİ,ÖZVATAN,YAPILDI,24.06.2025,YAPILDI,29.07.2025,YAPILDI,26.08.2025
KAYSERİ,PINARBAŞI,YAPILDI,24.06.2025,YAPILDI,29.07.2025,YAPILDI,26.08.2025
KAYSERİ,SARIOĞLAN,YAPILDI,24.06.2025,YAPILDI,29.07.2025,YAPILDI,26.08.2025
KAYSERİ,SARIZ,YAPILDI,24.06.2025,YAPILDI,29.07.2025,YAPILDI,26.08.2025
KAYSERİ,TALAS,YAPILDI,24.06.2025,YAPILDI,29.07.2025,YAPILDI,26.08.2025
KAYSERİ,TOMARZA,YAPILDI,24.06.2025,YAPILDI,29.07.2025,YAPILDI,26.08.2025
KAYSERİ,YAHYALI,YAPILDI,24.06.2025,YAPILDI,29.07.2025,YAPILDI,26.08.2025
KAYSERİ,YEŞİLHİSAR,YAPILDI,24.06.2025,YAPILDI,29.07.2025,YAPILDI,26.08.2025
KIRIKKALE,İL,YAPILMADI,,YAPILDI,7.07.2025,PLANLANMADI,
KIRIKKALE,BAHŞİLİ,YAPILDI,23.06.2025,YAPILDI,28.07.2025,YAPILDI,16.08.2025
KIRIKKALE,BALIŞEYH,YAPILDI,23.06.2025,YAPILDI,28.07.2025,YAPILDI,16.08.2025
KIRIKKALE,ÇELEBİ,YAPILDI,23.06.2025,YAPILDI,28.07.2025,YAPILDI,16.08.2025
KIRIKKALE,DELİCE,YAPILDI,23.06.2025,YAPILDI,28.07.2025,YAPILDI,16.08.2025
KIRIKKALE,KARAKEÇİLİ,YAPILDI,23.06.2025,YAPILDI,28.07.2025,YAPILDI,16.08.2025
KIRIKKALE,KESKİN,YAPILDI,23.06.2025,YAPILDI,29.07.2025,YAPILDI,16.08.2025
KIRIKKALE,MERKEZ,YAPILMADI,,YAPILMADI,,YAPILDI,4.08.2025
KIRIKKALE,SULAKYURT,YAPILDI,23.06.2025,YAPILDI,28.07.2025,YAPILDI,17.08.2025
KIRIKKALE,YAHŞİHAN,YAPILDI,23.06.2025,YAPILDI,28.07.2025,YAPILDI,17.08.2025
KIRKLARELİ,İL,YAPILMADI,,YAPILDI,16.07.2025,PLANLANMADI,
KIRKLARELİ,BABAESKİ,YAPILDI,31.05.2025,YAPILDI,16.07.2025,YAPILDI,21.08.2025
KIRKLARELİ,DEMİRKÖY,YAPILDI,31.05.2025,YAPILDI,11.07.2025,YAPILDI,21.08.2025
KIRKLARELİ,KOFÇAZ,YAPILDI,31.05.2025,YAPILDI,14.07.2025,YAPILDI,21.08.2025
KIRKLARELİ,LÜLEBURGAZ,YAPILDI,31.05.2025,YAPILDI,14.07.2025,YAPILDI,21.08.2025
KIRKLARELİ,MERKEZ,YAPILDI,31.05.2025,YAPILDI,16.07.2025,YAPILDI,21.08.2025
KIRKLARELİ,PEHLİVANKÖY,YAPILDI,31.05.2025,YAPILDI,14.07.2025,YAPILDI,21.08.2025
KIRKLARELİ,PINARHİSAR,YAPILDI,31.05.2025,YAPILDI,14.07.2025,YAPILDI,21.08.2025
KIRKLARELİ,VİZE,YAPILDI,31.05.2025,YAPILDI,11.07.2025,YAPILDI,21.08.2025
KIRŞEHİR,İL,YAPILDI,28.06.2025,YAPILDI,5.07.2025,YAPILDI,18.08.2025
KIRŞEHİR,AKÇAKENT,YAPILMADI,,YAPILDI,29.07.2025,YAPILDI,26.08.2025
KIRŞEHİR,AKPINAR,YAPILMADI,,YAPILDI,29.07.2025,YAPILDI,26.08.2025
KIRŞEHİR,BOZTEPE,YAPILDI,22.06.2025,YAPILDI,29.07.2025,YAPILDI,26.08.2025
KIRŞEHİR,ÇİÇEKDAĞI,YAPILMADI,,YAPILDI,29.07.2025,YAPILDI,7.08.2025
KIRŞEHİR,KAMAN,YAPILMADI,,YAPILDI,29.07.2025,YAPILDI,26.08.2025
KIRŞEHİR,MERKEZ,YAPILDI,28.06.2025,YAPILDI,27.07.2025,YAPILDI,18.08.2025
KIRŞEHİR,MUCUR,YAPILMADI,,YAPILDI,29.07.2025,YAPILDI,26.08.2025
KİLİS,İL,YAPILDI,30.06.2025,YAPILDI,16.07.2025,PLANLANDI,30.08.2025
KİLİS,ELBEYLİ,YAPILDI,26.06.2025,YAPILDI,17.07.2025,YAPILDI,23.08.2025
KİLİS,MERKEZ,YAPILDI,26.06.2025,YAPILDI,17.07.2025,YAPILDI,23.08.2025
KİLİS,MUSABEYLİ,YAPILDI,26.06.2025,YAPILDI,17.07.2025,YAPILDI,23.08.2025
KİLİS,POLATELİ,YAPILDI,26.06.2025,YAPILDI,17.07.2025,YAPILDI,23.08.2025
KOCAELİ,İL,YAPILMADI,,YAPILMADI,5.07.2025,YAPILDI,25.08.2025
KOCAELİ,BAŞİSKELE,YAPILDI,16.06.2025,YAPILDI,29.07.2025,YAPILDI,26.08.2025
KOCAELİ,ÇAYIROVA,YAPILDI,20.06.2025,YAPILDI,29.07.2025,YAPILDI,26.08.2025
KOCAELİ,DARICA,YAPILMADI,,YAPILDI,29.07.2025,YAPILDI,26.08.2025
KOCAELİ,DERİNCE,YAPILMADI,,YAPILDI,29.07.2025,YAPILDI,26.08.2025
KOCAELİ,DİLOVASI,YAPILMADI,,YAPILDI,29.07.2025,YAPILDI,26.08.2025
KOCAELİ,GEBZE,YAPILMADI,,YAPILDI,29.07.2025,YAPILDI,26.08.2025
KOCAELİ,GÖLCÜK,YAPILDI,13.06.2025,YAPILDI,29.07.2025,YAPILDI,26.08.2025
KOCAELİ,İZMİT,YAPILMADI,,YAPILDI,5.07.2025,YAPILDI,26.08.2025
KOCAELİ,KANDIRA,YAPILMADI,,YAPILDI,29.07.2025,YAPILDI,26.08.2025
KOCAELİ,KARAMÜRSEL,YAPILDI,30.06.2025,YAPILDI,29.07.2025,YAPILDI,26.08.2025
KOCAELİ,KARTEPE,YAPILMADI,,YAPILDI,30.07.2025,YAPILDI,26.08.2025
KOCAELİ,KÖRFEZ,YAPILDI,27.06.2025,YAPILDI,31.07.2025,YAPILDI,26.08.2025
KONYA,İL,YAPILMADI,,YAPILDI,20.07.2025,PLANLANDI,29.08.2025
KONYA,AHIRLI,YAPILDI,26.06.2025,YAPILDI,22.07.2025,YAPILDI,26.08.2025
KONYA,AKÖREN,YAPILDI,30.06.2025,YAPILDI,17.07.2025,PLANLANDI,30.08.2025
KONYA,AKŞEHİR,YAPILDI,24.06.2025,YAPILDI,22.07.2025,YAPILDI,25.08.2025
KONYA,ALTINEKİN,YAPILDI,23.06.2025,YAPILDI,24.07.2025,YAPILDI,12.08.2025
KONYA,BEYŞEHİR,YAPILDI,30.06.2025,YAPILDI,22.07.2025,YAPILDI,16.08.2025
KONYA,BOZKIR,YAPILDI,25.06.2025,YAPILDI,22.07.2025,YAPILDI,26.08.2025
KONYA,CİHANBEYLİ,YAPILDI,30.06.2025,YAPILDI,22.07.2025,YAPILDI,5.08.2025
KONYA,ÇELTİK,YAPILDI,24.06.2025,YAPILDI,22.07.2025,YAPILDI,26.08.2025
KONYA,ÇUMRA,YAPILDI,30.06.2025,YAPILDI,22.07.2025,YAPILDI,19.08.2025
KONYA,DERBENT,YAPILDI,30.06.2025,YAPILDI,14.07.2025,YAPILDI,26.08.2025
KONYA,DEREBUCAK,YAPILDI,30.06.2025,YAPILDI,21.07.2025,YAPILDI,26.08.2025
KONYA,DOĞANHİSAR,YAPILDI,30.06.2025,YAPILDI,21.07.2025,YAPILDI,26.08.2025
KONYA,EMİRGAZİ,YAPILDI,30.06.2025,YAPILDI,18.07.2025,YAPILDI,18.08.2025
KONYA,EREĞLİ,YAPILDI,30.06.2025,YAPILDI,22.07.2025,PLANLANDI,29.08.2025
KONYA,GÜNEYSINIR,YAPILDI,30.06.2025,YAPILDI,17.07.2025,YAPILDI,12.08.2025
KONYA,HADİM,YAPILDI,25.06.2025,YAPILDI,12.07.2025,YAPILDI,7.08.2025
KONYA,HALKAPINAR,YAPILDI,30.06.2025,YAPILDI,18.07.2025,YAPILDI,22.08.2025
KONYA,HÜYÜK,YAPILDI,30.06.2025,YAPILDI,14.07.2025,YAPILDI,26.08.2025
KONYA,ILGIN,YAPILDI,30.06.2025,YAPILDI,16.07.2025,YAPILDI,26.08.2025
KONYA,KADINHANI,YAPILDI,30.06.2025,YAPILDI,23.07.2025,YAPILDI,12.08.2025
KONYA,KARAPINAR,YAPILDI,30.06.2025,YAPILDI,9.07.2025,YAPILDI,18.08.2025
KONYA,KARATAY,YAPILMADI,,YAPILDI,22.07.2025,YAPILDI,15.08.2025
KONYA,KULU,YAPILDI,30.06.2025,YAPILDI,22.07.2025,YAPILDI,10.08.2025
KONYA,MERAM,YAPILMADI,,YAPILDI,22.07.2025,YAPILDI,19.08.2025
KONYA,SARAYÖNÜ,YAPILDI,30.06.2025,YAPILDI,24.07.2025,YAPILDI,26.08.2025
KONYA,SELÇUKLU,YAPILMADI,,YAPILDI,22.07.2025,YAPILDI,19.08.2025
KONYA,SEYDİŞEHİR,YAPILDI,26.06.2025,YAPILDI,22.07.2025,YAPILDI,12.08.2025
KONYA,TAŞKENT,YAPILDI,25.06.2025,YAPILDI,12.07.2025,YAPILDI,24.08.2025
KONYA,TUZLUKÇU,YAPILDI,24.06.2025,YAPILDI,23.07.2025,YAPILDI,5.08.2025
KONYA,YALIHÜYÜK,YAPILDI,26.06.2025,YAPILDI,22.07.2025,YAPILDI,16.08.2025
KONYA,YUNAK,YAPILDI,24.06.2025,YAPILDI,22.07.2025,YAPILDI,12.08.2025
KÜTAHYA,İL,YAPILDI,14.06.2025,YAPILDI,19.07.2025,PLANLANDI,30.08.2025
KÜTAHYA,ALTINTAŞ,YAPILDI,17.06.2025,YAPILDI,8.07.2025,YAPILDI,19.08.2025
KÜTAHYA,ASLANAPA,YAPILDI,20.06.2025,YAPILDI,25.07.2025,YAPILDI,19.08.2025
KÜTAHYA,ÇAVDARHİSAR,YAPILMADI,,YAPILMADI,,PLANLANMADI,
KÜTAHYA,DOMANİÇ,YAPILDI,17.06.2025,YAPILDI,24.07.2025,YAPILDI,12.08.2025
KÜTAHYA,DUMLUPINAR,YAPILDI,17.06.2025,YAPILDI,24.07.2025,YAPILDI,21.08.2025
KÜTAHYA,EMET,YAPILDI,14.06.2025,YAPILDI,12.07.2025,YAPILDI,23.08.2025
KÜTAHYA,GEDİZ,YAPILDI,14.06.2025,YAPILDI,26.07.2025,PLANLANDI,29.08.2025
KÜTAHYA,HİSARCIK,YAPILMADI,,YAPILDI,24.07.2025,YAPILDI,21.08.2025
KÜTAHYA,MERKEZ,YAPILMADI,,YAPILDI,11.07.2025,YAPILDI,15.08.2025
KÜTAHYA,PAZARLAR,YAPILDI,16.06.2025,YAPILDI,23.07.2025,YAPILDI,19.08.2025
KÜTAHYA,SİMAV,YAPILDI,20.06.2025,YAPILDI,25.07.2025,YAPILDI,26.08.2025
KÜTAHYA,ŞAPHANE,YAPILDI,8.06.2025,YAPILDI,9.07.2025,YAPILDI,9.08.2025
KÜTAHYA,TAVŞANLI,YAPILDI,12.06.2025,YAPILDI,18.07.2025,YAPILDI,19.08.2025
MALATYA,İL,YAPILMADI,,YAPILDI,26.07.2025,YAPILDI,23.08.2025
MALATYA,AKÇADAĞ,YAPILMADI,,YAPILDI,6.07.2025,YAPILDI,3.08.2025
MALATYA,ARAPGİR,YAPILMADI,,YAPILDI,4.07.2025,YAPILDI,1.08.2025
MALATYA,ARGUVAN,YAPILMADI,,YAPILDI,4.07.2025,YAPILDI,1.08.2025
MALATYA,BATTALGAZİ,YAPILMADI,,YAPILDI,12.07.2025,YAPILDI,9.08.2025
MALATYA,DARENDE,YAPILMADI,,YAPILDI,5.07.2025,YAPILDI,2.08.2025
MALATYA,DOĞANŞEHİR,YAPILMADI,,YAPILDI,6.07.2025,YAPILDI,3.08.2025
MALATYA,DOĞANYOL,YAPILMADI,,YAPILDI,14.07.2025,YAPILDI,16.08.2025
MALATYA,HEKİMHAN,YAPILMADI,,YAPILDI,11.07.2025,YAPILDI,8.08.2025
MALATYA,KALE,YAPILMADI,,YAPILDI,12.07.2025,YAPILDI,9.08.2025
MALATYA,KULUNCAK,YAPILMADI,,YAPILDI,5.07.2025,YAPILDI,2.08.2025
MALATYA,PÜTÜRGE,YAPILMADI,,YAPILDI,14.07.2025,YAPILDI,16.08.2025
MALATYA,YAZIHAN,YAPILMADI,,YAPILDI,11.07.2025,YAPILDI,8.08.2025
MALATYA,YEŞİLYURT,YAPILMADI,,YAPILDI,13.07.2025,YAPILDI,10.08.2025
MANİSA,İL,YAPILDI,19.06.2025,YAPILMADI,,YAPILDI,27.08.2025
MANİSA,AHMETLİ,YAPILMADI,,YAPILMADI,,YAPILDI,20.08.2025
MANİSA,AKHİSAR,YAPILMADI,,YAPILMADI,,YAPILDI,27.08.2025
MANİSA,ALAŞEHİR,YAPILMADI,,YAPILMADI,,YAPILDI,21.08.2025
MANİSA,DEMİRCİ,YAPILMADI,,YAPILMADI,,YAPILDI,13.08.2025
MANİSA,GÖLMARMARA,YAPILMADI,,YAPILMADI,,YAPILDI,20.08.2025
MANİSA,GÖRDES,YAPILMADI,,YAPILMADI,,YAPILDI,13.08.2025
MANİSA,KIRKAĞAÇ,YAPILMADI,,YAPILMADI,,YAPILDI,27.08.2025
MANİSA,KÖPRÜBAŞI,YAPILMADI,,YAPILMADI,,YAPILDI,13.08.2025
MANİSA,KULA,YAPILMADI,,YAPILMADI,,PLANLANMADI,
MANİSA,SALİHLİ,YAPILMADI,,YAPILMADI,,PLANLANMADI,
MANİSA,SARIGÖL,YAPILMADI,,YAPILMADI,,YAPILDI,21.08.2025
MANİSA,SARUHANLI,YAPILMADI,,YAPILMADI,,YAPILDI,20.08.2025
MANİSA,SELENDİ,YAPILMADI,,YAPILMADI,,PLANLANMADI,
MANİSA,SOMA,YAPILMADI,,YAPILMADI,,YAPILDI,27.08.2025
MANİSA,ŞEHZADELER,YAPILMADI,,YAPILMADI,,YAPILDI,27.08.2025
MANİSA,TURGUTLU,YAPILMADI,,YAPILMADI,,YAPILDI,21.08.2025
MANİSA,YUNUSEMRE,YAPILMADI,,YAPILMADI,,YAPILDI,27.08.2025
MARDİN,İL,YAPILDI,21.06.2025,YAPILDI,26.07.2025,PLANLANDI,31.08.2025
MARDİN,ARTUKLU,YAPILDI,19.06.2025,YAPILDI,18.07.2025,YAPILDI,16.08.2025
MARDİN,DARGEÇİT,YAPILDI,19.06.2025,YAPILDI,18.07.2025,YAPILDI,15.08.2025
MARDİN,DERİK,YAPILDI,19.06.2025,YAPILDI,18.07.2025,YAPILDI,15.08.2025
MARDİN,KIZILTEPE,YAPILDI,19.06.2025,YAPILDI,18.07.2025,YAPILDI,16.08.2025
MARDİN,MAZIDAĞI,YAPILDI,19.06.2025,YAPILDI,18.07.2025,YAPILDI,15.08.2025
MARDİN,MİDYAT,YAPILDI,20.06.2025,YAPILDI,19.07.2025,YAPILDI,15.08.2025
MARDİN,NUSAYBİN,YAPILDI,20.06.2025,YAPILDI,19.07.2025,YAPILDI,16.08.2025
MARDİN,ÖMERLİ,YAPILDI,20.06.2025,YAPILDI,19.07.2025,YAPILDI,15.08.2025
MARDİN,SAVUR,YAPILDI,20.06.2025,YAPILDI,19.07.2025,YAPILDI,15.08.2025
MARDİN,YEŞİLLİ,YAPILDI,20.06.2025,YAPILDI,19.07.2025,YAPILDI,16.08.2025
MERSİN,İL,YAPILMADI,,YAPILDI,5.07.2025,PLANLANMADI,
MERSİN,AKDENİZ,YAPILMADI,,YAPILDI,12.07.2025,YAPILDI,16.08.2025
MERSİN,ANAMUR,YAPILMADI,,YAPILDI,17.07.2025,YAPILDI,19.08.2025
MERSİN,AYDINCIK,YAPILMADI,,YAPILDI,17.07.2025,YAPILDI,19.08.2025
MERSİN,BOZYAZI,YAPILMADI,,YAPILDI,17.07.2025,YAPILDI,19.08.2025
MERSİN,ÇAMLIYAYLA,YAPILMADI,,YAPILDI,8.07.2025,YAPILDI,19.08.2025
MERSİN,ERDEMLİ,YAPILMADI,,YAPILDI,26.07.2025,YAPILDI,23.08.2025
MERSİN,GÜLNAR,YAPILMADI,,YAPILDI,25.07.2025,YAPILDI,22.08.2025
MERSİN,MEZİTLİ,YAPILMADI,,YAPILDI,16.07.2025,YAPILDI,16.08.2025
MERSİN,MUT,YAPILMADI,,YAPILDI,25.07.2025,YAPILDI,22.08.2025
MERSİN,SİLİFKE,YAPILMADI,,YAPILDI,26.07.2025,YAPILDI,26.08.2025
MERSİN,TARSUS,YAPILMADI,,YAPILDI,19.07.2025,YAPILDI,23.08.2025
MERSİN,TOROSLAR,YAPILMADI,,YAPILDI,19.07.2025,YAPILDI,23.08.2025
MERSİN,YENİŞEHİR,YAPILMADI,,YAPILDI,19.07.2025,YAPILDI,16.08.2025
MUĞLA,İL,YAPILDI,28.06.2025,YAPILDI,2.08.2025,PLANLANDI,7.09.2025
MUĞLA,BODRUM,YAPILDI,14.06.2025,YAPILDI,19.07.2025,YAPILDI,23.08.2025
MUĞLA,DALAMAN,YAPILDI,14.06.2025,YAPILDI,19.07.2025,YAPILDI,23.08.2025
MUĞLA,DATÇA,YAPILDI,15.06.2025,YAPILDI,20.07.2025,YAPILDI,24.08.2025
MUĞLA,FETHİYE,YAPILDI,14.06.2025,YAPILDI,19.07.2025,YAPILDI,23.08.2025
MUĞLA,KAVAKLIDERE,YAPILDI,14.06.2025,YAPILDI,19.07.2025,YAPILDI,23.08.2025
MUĞLA,KÖYCEĞİZ,YAPILDI,15.06.2025,YAPILDI,20.07.2025,YAPILDI,23.08.2025
MUĞLA,MARMARİS,YAPILDI,15.06.2025,YAPILDI,20.07.2025,YAPILDI,24.08.2025
MUĞLA,MENTEŞE,YAPILDI,15.06.2025,YAPILDI,20.07.2025,YAPILDI,24.08.2025
MUĞLA,MİLAS,YAPILDI,14.06.2025,YAPILDI,19.07.2025,YAPILDI,23.08.2025
MUĞLA,ORTACA,YAPILDI,14.06.2025,YAPILMADI,,YAPILDI,23.08.2025
MUĞLA,SEYDİKEMER,YAPILDI,14.06.2025,YAPILDI,19.07.2025,YAPILDI,23.08.2025
MUĞLA,ULA,YAPILDI,15.06.2025,YAPILDI,20.07.2025,YAPILDI,24.08.2025
MUĞLA,YATAĞAN,YAPILDI,14.06.2025,YAPILDI,19.07.2025,YAPILDI,23.08.2025
MUŞ,İL,YAPILDI,29.06.2025,YAPILDI,18.07.2025,PLANLANMADI,
MUŞ,BULANIK,YAPILDI,29.06.2025,YAPILDI,27.07.2025,PLANLANMADI,
MUŞ,HASKÖY,YAPILDI,28.06.2025,YAPILDI,26.07.2025,PLANLANMADI,
MUŞ,KORKUT,YAPILDI,28.06.2025,YAPILDI,26.07.2025,PLANLANMADI,
MUŞ,MALAZGİRT,YAPILDI,29.06.2025,YAPILDI,27.07.2025,PLANLANMADI,
MUŞ,MERKEZ,YAPILDI,28.06.2025,YAPILDI,26.07.2025,PLANLANMADI,
MUŞ,VARTO,YAPILDI,27.06.2025,YAPILDI,25.07.2025,PLANLANMADI,
NEVŞEHİR,İL,YAPILMADI,,YAPILMADI,,YAPILDI,4.08.2025
NEVŞEHİR,ACIGÖL,YAPILDI,12.06.2025,YAPILDI,19.07.2025,YAPILDI,2.08.2025
NEVŞEHİR,AVANOS,YAPILDI,14.06.2025,YAPILDI,20.07.2025,YAPILDI,3.08.2025
NEVŞEHİR,DERİNKUYU,YAPILDI,12.06.2025,YAPILDI,19.07.2025,YAPILDI,9.08.2025
NEVŞEHİR,GÜLŞEHİR,YAPILDI,13.06.2025,YAPILDI,21.07.2025,YAPILDI,10.08.2025
NEVŞEHİR,HACIBEKTAŞ,YAPILDI,13.06.2025,YAPILDI,21.07.2025,YAPILDI,19.08.2025
NEVŞEHİR,KOZAKLI,YAPILDI,14.06.2025,YAPILDI,20.07.2025,YAPILDI,17.08.2025
NEVŞEHİR,MERKEZ,YAPILDI,15.06.2025,YAPILDI,29.07.2025,YAPILDI,23.08.2025
NEVŞEHİR,ÜRGÜP,YAPILDI,15.06.2025,YAPILDI,22.07.2025,YAPILDI,24.08.2025
NİĞDE,İL,YAPILMADI,,YAPILDI,7.07.2025,YAPILDI,4.08.2025
NİĞDE,ALTUNHİSAR,YAPILDI,24.06.2025,YAPILMADI,,YAPILDI,26.08.2025
NİĞDE,BOR,YAPILDI,24.06.2025,YAPILMADI,,YAPILDI,26.08.2025
NİĞDE,ÇAMARDI,YAPILDI,24.06.2025,YAPILMADI,,YAPILDI,26.08.2025
NİĞDE,ÇİFTLİK,YAPILDI,25.06.2025,YAPILMADI,,YAPILDI,26.08.2025
NİĞDE,MERKEZ,YAPILMADI,,YAPILDI,8.07.2025,YAPILDI,4.08.2025
NİĞDE,ULUKIŞLA,YAPILDI,17.06.2025,YAPILMADI,,YAPILDI,26.08.2025
ORDU,İL,YAPILMADI,,YAPILDI,26.07.2025,PLANLANMADI,
ORDU,AKKUŞ,YAPILMADI,,YAPILDI,26.07.2025,PLANLANMADI,
ORDU,ALTINORDU,YAPILMADI,,YAPILDI,29.07.2025,PLANLANMADI,
ORDU,AYBASTI,YAPILMADI,,YAPILDI,22.07.2025,PLANLANMADI,
ORDU,ÇAMAŞ,YAPILMADI,,YAPILDI,30.07.2025,PLANLANMADI,
ORDU,ÇATALPINAR,YAPILMADI,,YAPILDI,18.07.2025,PLANLANMADI,
ORDU,ÇAYBAŞI,YAPILDI,3.06.2025,YAPILDI,29.07.2025,PLANLANMADI,
ORDU,FATSA,YAPILDI,4.06.2025,YAPILDI,29.07.2025,PLANLANMADI,
ORDU,GÖLKÖY,YAPILMADI,,YAPILDI,22.07.2025,PLANLANMADI,
ORDU,GÜLYALI,YAPILMADI,,YAPILDI,28.07.2025,PLANLANMADI,
ORDU,GÜRGENTEPE,YAPILMADI,,YAPILDI,24.07.2025,PLANLANMADI,
ORDU,İKİZCE,YAPILMADI,,YAPILDI,29.07.2025,PLANLANMADI,
ORDU,KABADÜZ,YAPILMADI,,YAPILDI,29.07.2025,PLANLANMADI,
ORDU,KABATAŞ,YAPILDI,3.06.2025,YAPILDI,22.07.2025,PLANLANMADI,
ORDU,KORGAN,YAPILMADI,,YAPILDI,30.07.2025,PLANLANMADI,
ORDU,KUMRU,YAPILMADI,,YAPILDI,29.07.2025,PLANLANMADI,
ORDU,MESUDİYE,YAPILDI,3.06.2025,YAPILDI,29.07.2025,PLANLANMADI,
ORDU,PERŞEMBE,YAPILDI,2.06.2025,YAPILDI,28.07.2025,PLANLANMADI,
ORDU,ULUBEY,YAPILDI,3.06.2025,YAPILDI,29.07.2025,PLANLANMADI,
ORDU,ÜNYE,YAPILMADI,,YAPILDI,29.07.2025,PLANLANMADI,
OSMANİYE,İL,YAPILDI,28.06.2025,YAPILDI,26.07.2025,YAPILDI,25.08.2025
OSMANİYE,BAHÇE,YAPILDI,24.06.2025,YAPILDI,29.07.2025,YAPILDI,26.08.2025
OSMANİYE,DÜZİÇİ,YAPILDI,24.06.2025,YAPILDI,29.07.2025,YAPILDI,26.08.2025
OSMANİYE,HASANBEYLİ,YAPILDI,24.06.2025,YAPILDI,29.07.2025,YAPILDI,26.08.2025
OSMANİYE,KADİRLİ,YAPILDI,24.06.2025,YAPILDI,29.07.2025,YAPILDI,26.08.2025
OSMANİYE,MERKEZ,YAPILDI,24.06.2025,YAPILDI,29.07.2025,YAPILDI,26.08.2025
OSMANİYE,SUMBAS,YAPILDI,24.06.2025,YAPILDI,29.07.2025,YAPILDI,26.08.2025
OSMANİYE,TOPRAKKALE,YAPILDI,24.06.2025,YAPILDI,29.07.2025,YAPILDI,26.08.2025
RİZE,İL,YAPILDI,18.06.2025,YAPILDI,23.07.2025,PLANLANDI,31.08.2025
RİZE,ARDEŞEN,YAPILDI,27.06.2025,YAPILDI,18.07.2025,YAPILDI,26.08.2025
RİZE,ÇAMLIHEMŞİN,YAPILDI,25.06.2025,YAPILDI,30.07.2025,YAPILDI,26.08.2025
RİZE,ÇAYELİ,YAPILDI,30.06.2025,YAPILDI,26.07.2025,YAPILDI,27.08.2025
RİZE,DEREPAZARI,YAPILDI,26.06.2025,YAPILDI,29.07.2025,PLANLANDI,29.08.2025
RİZE,FINDIKLI,YAPILDI,25.06.2025,YAPILDI,25.07.2025,YAPILDI,25.08.2025
RİZE,GÜNEYSU,YAPILDI,21.06.2025,YAPILDI,26.07.2025,YAPILDI,28.08.2025
RİZE,HEMŞİN,YAPILDI,27.06.2025,YAPILDI,28.07.2025,YAPILDI,25.08.2025
RİZE,İKİZDERE,YAPILDI,28.06.2025,YAPILDI,22.07.2025,YAPILDI,28.08.2025
RİZE,İYİDERE,YAPILDI,26.06.2025,YAPILDI,29.07.2025,PLANLANDI,29.08.2025
RİZE,KALKANDERE,YAPILDI,28.06.2025,YAPILDI,19.07.2025,YAPILDI,28.08.2025
RİZE,MERKEZ,YAPILDI,20.06.2025,YAPILDI,25.07.2025,PLANLANDI,29.08.2025
RİZE,PAZAR,YAPILDI,30.06.2025,YAPILDI,28.07.2025,YAPILDI,27.08.2025
SAKARYA,İL,YAPILMADI,,YAPILMADI,,YAPILDI,25.08.2025
SAKARYA,ADAPAZARI,YAPILMADI,,YAPILDI,3.07.2025,YAPILDI,26.08.2025
SAKARYA,AKYAZI,YAPILMADI,,YAPILDI,22.07.2025,YAPILDI,26.08.2025
SAKARYA,ARİFİYE,YAPILMADI,,YAPILDI,29.07.2025,YAPILDI,26.08.2025
SAKARYA,ERENLER,YAPILMADI,,YAPILDI,29.07.2025,YAPILDI,26.08.2025
SAKARYA,FERİZLİ,YAPILMADI,,YAPILDI,22.07.2025,YAPILDI,19.08.2025
SAKARYA,GEYVE,YAPILMADI,,YAPILDI,8.07.2025,YAPILDI,12.08.2025
SAKARYA,HENDEK,YAPILMADI,,YAPILDI,22.07.2025,YAPILDI,26.08.2025
SAKARYA,KARAPÜRÇEK,YAPILMADI,,YAPILDI,29.07.2025,YAPILDI,26.08.2025
SAKARYA,KARASU,YAPILMADI,,YAPILDI,29.07.2025,YAPILDI,26.08.2025
SAKARYA,KAYNARCA,YAPILMADI,,YAPILDI,29.07.2025,YAPILDI,26.08.2025
SAKARYA,KOCAALİ,YAPILMADI,,YAPILDI,30.07.2025,YAPILDI,26.08.2025
SAKARYA,PAMUKOVA,YAPILMADI,,YAPILDI,22.07.2025,YAPILDI,19.08.2025
SAKARYA,SAPANCA,YAPILMADI,,YAPILDI,29.07.2025,YAPILDI,26.08.2025
SAKARYA,SERDİVAN,YAPILMADI,,YAPILDI,29.07.2025,YAPILDI,12.08.2025
SAKARYA,SÖĞÜTLÜ,YAPILMADI,,YAPILDI,8.07.2025,YAPILDI,26.08.2025
SAKARYA,TARAKLI,YAPILMADI,,YAPILDI,29.07.2025,YAPILDI,12.08.2025
SAMSUN,İL,YAPILMADI,,YAPILMADI,,PLANLANMADI,
SAMSUN,19 MAYIS,YAPILMADI,,YAPILDI,23.07.2025,PLANLANMADI,
SAMSUN,ALAÇAM,YAPILMADI,,YAPILDI,23.07.2025,YAPILDI,16.08.2025
SAMSUN,ASARCIK,YAPILMADI,,YAPILDI,24.07.2025,PLANLANMADI,
SAMSUN,ATAKUM,YAPILMADI,,YAPILDI,28.07.2025,PLANLANMADI,
SAMSUN,AYVACIK,YAPILMADI,,YAPILMADI,,YAPILDI,18.08.2025
SAMSUN,BAFRA,YAPILMADI,,YAPILMADI,,YAPILDI,9.08.2025
SAMSUN,CANİK,YAPILMADI,,YAPILMADI,,PLANLANMADI,
SAMSUN,ÇARŞAMBA,YAPILMADI,,YAPILMADI,,YAPILDI,6.08.2025
SAMSUN,HAVZA,YAPILMADI,,YAPILMADI,,YAPILDI,26.08.2025
SAMSUN,İLKADIM,YAPILMADI,,YAPILMADI,,PLANLANMADI,
SAMSUN,KAVAK,YAPILMADI,,YAPILMADI,,PLANLANMADI,
SAMSUN,LADİK,YAPILMADI,,YAPILMADI,,YAPILDI,23.08.2025
SAMSUN,SALIPAZARI,YAPILMADI,,YAPILDI,23.07.2025,YAPILDI,5.08.2025
SAMSUN,TEKKEKÖY,YAPILMADI,,YAPILDI,28.07.2025,PLANLANMADI,
SAMSUN,TERME,YAPILMADI,,YAPILMADI,,YAPILDI,4.08.2025
SAMSUN,VEZİRKÖPRÜ,YAPILMADI,,YAPILMADI,,PLANLANDI,1.09.2025
SAMSUN,YAKAKENT,YAPILMADI,,YAPILMADI,,YAPILDI,22.08.2025
SİİRT,İL,YAPILMADI,,YAPILDI,31.07.2025,YAPILDI,22.08.2025
SİİRT,BAYKAN,YAPILDI,20.05.2025,YAPILDI,25.07.2025,PLANLANDI,30.08.2025
SİİRT,ERUH,YAPILMADI,,YAPILDI,25.07.2025,PLANLANDI,30.08.2025
SİİRT,KURTALAN,YAPILDI,20.05.2025,YAPILDI,25.07.2025,PLANLANDI,30.08.2025
SİİRT,MERKEZ,YAPILMADI,,YAPILDI,29.07.2025,PLANLANDI,31.08.2025
SİİRT,PERVARİ,YAPILMADI,,YAPILDI,26.07.2025,PLANLANDI,31.08.2025
SİİRT,ŞİRVAN,YAPILDI,21.05.2025,YAPILDI,26.07.2025,PLANLANDI,31.08.2025
SİİRT,TİLLO,YAPILDI,20.05.2025,YAPILDI,26.07.2025,PLANLANDI,31.08.2025
SİNOP,İL,YAPILMADI,,YAPILDI,26.07.2025,PLANLANDI,29.08.2025
SİNOP,AYANCIK,YAPILMADI,,YAPILDI,22.07.2025,YAPILDI,26.08.2025
SİNOP,BOYABAT,YAPILMADI,,YAPILDI,22.07.2025,YAPILDI,26.08.2025
SİNOP,DİKMEN,YAPILMADI,,YAPILDI,22.07.2025,YAPILDI,26.08.2025
SİNOP,DURAĞAN,YAPILMADI,,YAPILDI,22.07.2025,YAPILDI,26.08.2025
SİNOP,ERFELEK,YAPILMADI,,YAPILDI,22.07.2025,YAPILDI,26.08.2025
SİNOP,GERZE,YAPILMADI,,YAPILDI,22.07.2025,YAPILDI,26.08.2025
SİNOP,MERKEZ,YAPILMADI,,YAPILDI,22.07.2025,YAPILDI,26.08.2025
SİNOP,SARAYDÜZÜ,YAPILMADI,,YAPILDI,22.07.2025,YAPILDI,26.08.2025
SİNOP,TÜRKELİ,YAPILMADI,,YAPILDI,22.07.2025,YAPILDI,26.08.2025
SİVAS,İL,YAPILMADI,,YAPILMADI,,PLANLANMADI,
SİVAS,AKINCILAR,YAPILDI,21.06.2025,YAPILDI,20.07.2025,PLANLANDI,29.08.2025
SİVAS,ALTINYAYLA,YAPILDI,22.06.2025,YAPILDI,20.07.2025,YAPILDI,17.08.2025
SİVAS,DİVRİĞİ,YAPILMADI,,YAPILMADI,,YAPILDI,21.08.2025
SİVAS,DOĞANŞAR,YAPILMADI,,YAPILDI,25.07.2025,YAPILDI,12.08.2025
SİVAS,GEMEREK,YAPILDI,20.06.2025,YAPILDI,20.07.2025,YAPILDI,21.08.2025
SİVAS,GÖLOVA,YAPILDI,21.06.2025,YAPILDI,26.07.2025,YAPILDI,23.08.2025
SİVAS,GÜRÜN,YAPILDI,22.06.2025,YAPILDI,26.07.2025,YAPILDI,10.08.2025
SİVAS,HAFİK,YAPILDI,28.06.2025,YAPILDI,19.07.2025,YAPILDI,23.08.2025
SİVAS,İMRANLI,YAPILMADI,,YAPILDI,5.07.2025,YAPILDI,16.08.2025
SİVAS,KANGAL,YAPILDI,26.06.2025,YAPILDI,22.07.2025,YAPILDI,23.08.2025
SİVAS,KOYULHİSAR,YAPILDI,24.06.2025,YAPILMADI,,PLANLANDI,29.08.2025
SİVAS,MERKEZ,YAPILDI,29.06.2025,YAPILDI,31.07.2025,YAPILDI,28.08.2025
SİVAS,SUŞEHRİ,YAPILDI,20.06.2025,YAPILMADI,,PLANLANMADI,21.08.2025
SİVAS,ŞARKIŞLA,YAPILDI,28.06.2025,YAPILDI,19.07.2025,PLANLANMADI,21.08.2025
SİVAS,ULAŞ,YAPILDI,19.06.2025,YAPILDI,27.07.2025,PLANLANDI,31.08.2025
SİVAS,YILDIZELİ,YAPILDI,29.06.2025,YAPILDI,31.07.2025,PLANLANDI,31.08.2025
SİVAS,ZARA,YAPILMADI,,YAPILDI,24.07.2025,YAPILDI,21.08.2025
ŞANLIURFA,İL,YAPILDI,28.06.2025,YAPILDI,27.07.2025,PLANLANDI,30.08.2025
ŞANLIURFA,AKÇAKALE,YAPILMADI,,YAPILDI,22.07.2025,YAPILDI,28.08.2025
ŞANLIURFA,BİRECİK,YAPILMADI,,YAPILDI,22.07.2025,YAPILDI,28.08.2025
ŞANLIURFA,BOZOVA,YAPILMADI,,YAPILDI,22.07.2025,YAPILDI,28.08.2025
ŞANLIURFA,CEYLANPINAR,YAPILMADI,,YAPILDI,22.07.2025,YAPILDI,28.08.2025
ŞANLIURFA,EYYÜBİYE,YAPILMADI,,YAPILDI,22.07.2025,YAPILDI,28.08.2025
ŞANLIURFA,HALFETİ,YAPILMADI,,YAPILDI,22.07.2025,YAPILDI,28.08.2025
ŞANLIURFA,HALİLİYE,YAPILMADI,,YAPILDI,22.07.2025,YAPILDI,28.08.2025
ŞANLIURFA,HARRAN,YAPILMADI,,YAPILDI,22.07.2025,YAPILDI,28.08.2025
ŞANLIURFA,HİLVAN,YAPILMADI,,YAPILDI,22.07.2025,YAPILDI,28.08.2025
ŞANLIURFA,KARAKÖPRÜ,YAPILMADI,,YAPILDI,22.07.2025,YAPILDI,28.08.2025
ŞANLIURFA,SİVEREK,YAPILMADI,,YAPILDI,22.07.2025,YAPILDI,28.08.2025
ŞANLIURFA,SURUÇ,YAPILMADI,,YAPILDI,22.07.2025,YAPILDI,28.08.2025
ŞANLIURFA,VİRANŞEHİR,YAPILMADI,,YAPILDI,22.07.2025,YAPILDI,28.08.2025
ŞIRNAK,İL,YAPILMADI ,,YAPILDI,30.07.2025,YAPILDI,20.08.2025
ŞIRNAK,BEYTÜŞŞEBAP,YAPILMADI,,YAPILDI,26.07.2025,YAPILDI,20.08.2025
ŞIRNAK,CİZRE,YAPILMADI,,YAPILDI,24.07.2025,YAPILDI,20.08.2025
ŞIRNAK,GÜÇLÜKONAK,YAPILMADI,,YAPILDI,24.07.2025,YAPILDI,20.08.2025
ŞIRNAK,İDİL,YAPILMADI,,YAPILDI,25.07.2025,YAPILDI,20.08.2025
ŞIRNAK,MERKEZ,YAPILMADI,,YAPILDI,30.07.2025,YAPILDI,20.08.2025
ŞIRNAK,SİLOPİ,YAPILMADI,,YAPILDI,25.07.2025,YAPILDI,20.08.2025
ŞIRNAK,ULUDERE,YAPILMADI,,YAPILDI,26.07.2025,YAPILDI,20.08.2025
TEKİRDAĞ,İL,YAPILDI,30.06.2025,YAPILDI,26.07.2025,PLANLANDI,29.08.2025
TEKİRDAĞ,ÇERKEZKÖY,YAPILMADI,,YAPILDI,18.07.2025,YAPILDI,26.08.2025
TEKİRDAĞ,ÇORLU,YAPILMADI,,YAPILDI,17.07.2025,YAPILDI,25.08.2025
TEKİRDAĞ,ERGENE,YAPILMADI,,YAPILDI,18.07.2025,YAPILDI,26.08.2025
TEKİRDAĞ,HAYRABOLU,YAPILMADI,,YAPILDI,21.07.2025,YAPILDI,26.08.2025
TEKİRDAĞ,KAPAKLI,YAPILMADI,,YAPILDI,18.07.2025,YAPILDI,26.08.2025
TEKİRDAĞ,MALKARA,YAPILMADI,,YAPILDI,21.07.2025,YAPILDI,26.08.2025
TEKİRDAĞ,MARMARAEREĞLİSİ,YAPILMADI,,YAPILDI,20.07.2025,YAPILDI,26.08.2025
TEKİRDAĞ,MURATLI,YAPILMADI,,YAPILDI,20.07.2025,YAPILDI,26.08.2025
TEKİRDAĞ,SARAY,YAPILMADI,,YAPILDI,21.07.2025,PLANLANMADI,
TEKİRDAĞ,SÜLEYMANPAŞA,YAPILMADI,,YAPILDI,21.07.2025,YAPILDI,27.08.2025
TEKİRDAĞ,ŞARKÖY,YAPILMADI,,YAPILDI,18.07.2025,YAPILDI,26.08.2025
TOKAT,İL,YAPILDI,27.06.2025,YAPILDI,26.07.2025,PLANLANDI,29.08.2025
TOKAT,ALMUS,YAPILDI,21.06.2025,YAPILDI,19.07.2025,YAPILDI,26.08.2025
TOKAT,ARTOVA,YAPILDI,21.06.2025,YAPILDI,19.07.2025,YAPILDI,26.08.2025
TOKAT,BAŞÇİFTLİK,YAPILDI,21.06.2025,YAPILDI,19.07.2025,YAPILDI,26.08.2025
TOKAT,ERBAA,YAPILDI,21.06.2025,YAPILDI,17.07.2025,YAPILDI,26.08.2025
TOKAT,MERKEZ,YAPILDI,20.06.2025,YAPILDI,22.07.2025,YAPILDI,26.08.2025
TOKAT,NİKSAR,YAPILDI,21.06.2025,YAPILDI,19.07.2025,YAPILDI,26.08.2025
TOKAT,PAZAR,YAPILDI,21.06.2025,YAPILDI,18.07.2025,YAPILDI,26.08.2025
TOKAT,REŞADİYE,YAPILDI,21.06.2025,YAPILDI,19.07.2025,YAPILDI,26.08.2025
TOKAT,SULUSARAY,YAPILDI,21.06.2025,YAPILDI,19.07.2025,YAPILDI,26.08.2025
TOKAT,TURHAL,YAPILDI,21.06.2025,YAPILDI,18.07.2025,YAPILDI,26.08.2025
TOKAT,YEŞİLYURT,YAPILDI,21.06.2025,YAPILDI,19.07.2025,YAPILDI,26.08.2025
TOKAT,ZİLE,YAPILDI,21.06.2025,YAPILDI,18.07.2025,YAPILDI,26.08.2025
TRABZON,İL,YAPILMADI,,YAPILDI,2.08.2025,PLANLANMADI,
TRABZON,AKÇAABAT,YAPILMADI,,YAPILDI,29.07.2025,PLANLANMADI,
TRABZON,ARAKLI,YAPILMADI,,YAPILDI,29.07.2025,PLANLANMADI,
TRABZON,ARSİN,YAPILMADI,,YAPILDI,29.07.2025,PLANLANMADI,
TRABZON,BEŞİKDÜZÜ,YAPILMADI,,YAPILDI,29.07.2025,PLANLANMADI,
TRABZON,ÇARŞIBAŞI,YAPILMADI,,YAPILDI,29.07.2025,PLANLANMADI,
TRABZON,ÇAYKARA,YAPILMADI,,YAPILDI,25.07.2025,PLANLANMADI,
TRABZON,DERNEKPAZARI,YAPILMADI,,YAPILDI,29.07.2025,PLANLANMADI,
TRABZON,DÜZKÖY,YAPILMADI,,YAPILDI,25.07.2025,PLANLANMADI,
TRABZON,HAYRAT,YAPILMADI,,YAPILDI,25.07.2025,PLANLANMADI,
TRABZON,KÖPRÜBAŞI,YAPILMADI,,YAPILDI,28.07.2025,PLANLANMADI,
TRABZON,MAÇKA,YAPILMADI,,YAPILDI,29.07.2025,PLANLANMADI,
TRABZON,OF,YAPILMADI,,YAPILDI,29.07.2025,PLANLANMADI,
TRABZON,ORTAHİSAR,YAPILMADI,,YAPILDI,29.07.2025,PLANLANMADI,
TRABZON,SÜRMENE,YAPILMADI,,YAPILDI,30.07.2025,PLANLANMADI,
TRABZON,ŞALPAZARI,YAPILMADI,,YAPILDI,30.07.2025,PLANLANMADI,
TRABZON,TONYA,YAPILMADI,,YAPILDI,25.07.2025,PLANLANMADI,
TRABZON,VAKFIKEBİR,YAPILMADI,,YAPILDI,29.07.2025,PLANLANMADI,
TRABZON,YOMRA,YAPILMADI,,YAPILDI,23.07.2025,PLANLANMADI,
TUNCELİ,İL,YAPILDI,28.06.2025,YAPILDI,25.07.2025,PLANLANDI,29.08.2025
TUNCELİ,ÇEMİŞGEZEK,YAPILDI,28.06.2025,YAPILDI,26.07.2025,PLANLANDI,29.08.2025
TUNCELİ,HOZAT,YAPILDI,28.06.2025,YAPILDI,26.07.2025,PLANLANDI,29.08.2025
TUNCELİ,MAZGİRT,YAPILDI,28.06.2025,YAPILDI,26.07.2025,PLANLANDI,29.08.2025
TUNCELİ,MERKEZ,YAPILDI,28.06.2025,YAPILDI,26.07.2025,PLANLANDI,29.08.2025
TUNCELİ,NAZIMİYE,YAPILDI,28.06.2025,YAPILDI,26.07.2025,PLANLANDI,29.08.2025
TUNCELİ,OVACIK,YAPILDI,28.06.2025,YAPILDI,26.07.2025,PLANLANDI,29.08.2025
TUNCELİ,PERTEK,YAPILDI,28.06.2025,YAPILDI,26.07.2025,PLANLANDI,29.08.2025
TUNCELİ,PÜLÜMÜR,YAPILDI,28.06.2025,YAPILDI,26.07.2025,PLANLANDI,29.08.2025
UŞAK,İL,YAPILDI,4.07.2025,YAPILDI,14.07.2025,YAPILDI,4.08.2025
UŞAK,BANAZ,YAPILDI,25.06.2025,YAPILDI,28.07.2025,YAPILDI,26.08.2025
UŞAK,EŞME,YAPILDI,25.06.2025,YAPILDI,29.07.2025,YAPILDI,26.08.2025
UŞAK,KARAHALLI,YAPILDI,24.06.2025,YAPILDI,30.07.2025,YAPILDI,26.08.2025
UŞAK,MERKEZ,YAPILMADI,,YAPILMADI,,PLANLANMADI,
UŞAK,SİVASLI,YAPILDI,26.06.2025,YAPILDI,31.07.2025,YAPILDI,19.08.2025
UŞAK,ULUBEY,YAPILDI,17.06.2025,YAPILDI,1.08.2025,YAPILDI,19.08.2025
VAN,İL,YAPILDI,17.06.2025,YAPILDI,15.07.2025,YAPILDI,2.08.2025
VAN,BAHÇESARAY,YAPILDI,16.06.2025,YAPILDI,16.07.2025,PLANLANDI,29.08.2025
VAN,BAŞKALE,YAPILDI,19.06.2025,YAPILDI,17.07.2025,YAPILDI,15.08.2025
VAN,ÇALDIRAN,YAPILDI,17.06.2025,YAPILDI,22.07.2025,YAPILDI,14.08.2025
VAN,ÇATAK,YAPILDI,17.06.2025,YAPILDI,22.07.2025,YAPILDI,15.08.2025
VAN,EDREMİT,YAPILDI,20.06.2025,YAPILDI,22.07.2025,YAPILDI,18.08.2025
VAN,ERCİŞ,YAPILDI,18.06.2025,YAPILDI,15.07.2025,YAPILDI,23.08.2025
VAN,GEVAŞ,YAPILDI,18.06.2025,YAPILDI,15.07.2025,YAPILDI,12.08.2025
VAN,GÜRPINAR,YAPILDI,20.06.2025,YAPILDI,26.07.2025,PLANLANDI,29.08.2025
VAN,İPEKYOLU,YAPILDI,21.06.2025,YAPILDI,26.07.2025,PLANLANDI,30.08.2025
VAN,MURADİYE,YAPILDI,21.06.2025,YAPILDI,21.07.2025,YAPILDI,21.08.2025
VAN,ÖZALP,YAPILDI,25.06.2025,YAPILDI,28.07.2025,PLANLANDI,29.08.2025
VAN,SARAY,YAPILDI,25.06.2025,YAPILDI,24.07.2025,YAPILDI,26.08.2025
VAN,TUŞBA,YAPILDI,20.06.2025,YAPILDI,29.07.2025,YAPILDI,19.08.2025
YALOVA,İL,YAPILMADI,,YAPILDI,26.07.2025,PLANLANDI,29.08.2025
YALOVA,ALTINOVA,YAPILDI,24.06.2025,YAPILDI,24.07.2025,YAPILDI,19.08.2025
YALOVA,ARMUTLU,YAPILDI,25.06.2025,YAPILDI,17.07.2025,YAPILDI,27.08.2025
YALOVA,ÇINARCIK,YAPILDI,26.06.2025,YAPILDI,22.07.2025,YAPILDI,20.08.2025
YALOVA,ÇİFTLİKKÖY,YAPILDI,27.06.2025,YAPILDI,23.07.2025,YAPILDI,15.08.2025
YALOVA,MERKEZ,YAPILDI,27.06.2025,YAPILDI,25.07.2025,YAPILDI,22.08.2025
YALOVA,TERMAL,YAPILDI,26.06.2025,YAPILDI,18.07.2025,YAPILDI,26.08.2025
YOZGAT,İL,YAPILMADI,,YAPILMADI,,YAPILDI,12.08.2025
YOZGAT,AKDAĞMADENİ,YAPILMADI,,YAPILMADI,,YAPILDI,19.08.2025
YOZGAT,AYDINCIK,YAPILMADI,,YAPILMADI,,YAPILDI,17.08.2025
YOZGAT,BOĞAZLIYAN,YAPILMADI,,YAPILMADI,,YAPILDI,19.08.2025
YOZGAT,ÇANDIR,YAPILMADI,,YAPILMADI,,YAPILDI,26.08.2025
YOZGAT,ÇAYIRALAN,YAPILMADI,,YAPILMADI,,YAPILDI,26.08.2025
YOZGAT,ÇEKEREK,YAPILMADI,,YAPILMADI,,YAPILDI,23.08.2025
YOZGAT,KADIŞEHRİ,YAPILMADI,,YAPILMADI,,YAPILDI,21.08.2025
YOZGAT,MERKEZ,YAPILMADI,,YAPILMADI,,YAPILDI,21.08.2025
YOZGAT,SARAYKENT,YAPILMADI,,YAPILMADI,,YAPILDI,26.08.2025
YOZGAT,SARIKAYA,YAPILMADI,,YAPILMADI,,YAPILDI,23.08.2025
YOZGAT,SORGUN,YAPILMADI,,YAPILMADI,,YAPILDI,23.08.2025
YOZGAT,ŞEFAATLİ,YAPILMADI,,YAPILMADI,,YAPILDI,27.08.2025
YOZGAT,YENİFAKILI,YAPILMADI,,YAPILMADI,,YAPILDI,12.08.2025
YOZGAT,YERKÖY,YAPILMADI,,YAPILMADI,,YAPILDI,9.08.2025
ZONGULDAK,İL,YAPILMADI,,YAPILDI,28.07.2025,YAPILDI,22.08.2025
ZONGULDAK,ALAPLI,YAPILMADI,,YAPILDI,30.07.2025,PLANLANDI,31.08.2025
ZONGULDAK,ÇAYCUMA,YAPILMADI,,YAPILDI,30.07.2025,PLANLANDI,29.08.2025
ZONGULDAK,DEVREK,YAPILMADI,,YAPILDI,18.07.2025,YAPILDI,26.08.2025
ZONGULDAK,EREĞLİ,YAPILMADI,,YAPILDI,31.07.2025,PLANLANDI,31.08.2025
ZONGULDAK,GÖKÇEBEY,YAPILMADI,,YAPILDI,18.07.2025,YAPILDI,27.08.2025
ZONGULDAK,KİLİMLİ,YAPILMADI,,YAPILDI,19.07.2025,PLANLANDI,2.09.2025
ZONGULDAK,KOZLU,YAPILMADI,,YAPILDI,26.07.2025,YAPILDI,26.08.2025
ZONGULDAK,MERKEZ,YAPILMADI,,YAPILDI,19.07.2025,YAPILDI,16.08.2025
